step,timestamp,station_id,station_name,latitude,longitude,elevation_m,state,temperature_c,dew_point_c,relative_humidity_pct,sea_level_pressure_hpa,station_pressure_hpa,is_synthetic_anomaly,expected_classification,provenance
0,2026-09-17T12:00:00+00:00,42182099999,New Delhi / Safdarjung,28.585,77.206,215.0,DELHI,32.0,21.4,47.0,1013.5,987.6,False,NORMAL,DEMO_REPLAY
0,2026-09-17T12:00:00+00:00,43003099999,Mumbai / Santacruz,19.12,72.85,14.0,MAHARASHTRA,32.3,21.66,46.8,1013.5,1011.8,False,NORMAL,DEMO_REPLAY
0,2026-09-17T12:00:00+00:00,43295099999,Bengaluru / HAL,12.95,77.67,888.0,KARNATAKA,32.6,21.92,46.6,1013.5,906.5,False,NORMAL,DEMO_REPLAY
0,2026-09-17T12:00:00+00:00,42809099999,Kolkata / Dum Dum,22.65,88.45,5.0,WEST BENGAL,32.9,22.18,46.4,1013.5,1012.9,False,NORMAL,DEMO_REPLAY
0,2026-09-17T12:00:00+00:00,43279099999,Chennai / Meenambakkam,13.0,80.18,16.0,TAMIL NADU,33.2,22.44,46.2,1013.5,1011.6,False,NORMAL,DEMO_REPLAY
0,2026-09-17T12:00:00+00:00,42027099999,Srinagar AWS,34.08,74.8,1587.0,JAMMU AND KASHMIR,33.5,22.7,46.0,1013.5,822.3,False,NORMAL,DEMO_REPLAY
0,2026-09-17T12:00:00+00:00,42867099999,Nagpur / Sonegaon,21.1,79.05,310.0,MAHARASHTRA,33.8,22.96,45.8,1013.5,976.2,False,NORMAL,DEMO_REPLAY
0,2026-09-17T12:00:00+00:00,42339099999,Jodhpur AWS,26.25,73.05,224.0,RAJASTHAN,34.1,23.22,45.6,1013.5,986.5,False,NORMAL,DEMO_REPLAY
1,2026-09-17T12:05:00+00:00,42182099999,New Delhi / Safdarjung,28.585,77.206,215.0,DELHI,31.97,21.39,47.1,1013.4,987.5,False,NORMAL,DEMO_REPLAY
1,2026-09-17T12:05:00+00:00,43003099999,Mumbai / Santacruz,19.12,72.85,14.0,MAHARASHTRA,32.27,21.65,46.9,1013.4,1011.8,False,NORMAL,DEMO_REPLAY
1,2026-09-17T12:05:00+00:00,43295099999,Bengaluru / HAL,12.95,77.67,888.0,KARNATAKA,32.57,21.91,46.7,1013.4,906.5,False,NORMAL,DEMO_REPLAY
1,2026-09-17T12:05:00+00:00,42809099999,Kolkata / Dum Dum,22.65,88.45,5.0,WEST BENGAL,32.87,22.17,46.5,1013.4,1012.8,False,NORMAL,DEMO_REPLAY
1,2026-09-17T12:05:00+00:00,43279099999,Chennai / Meenambakkam,13.0,80.18,16.0,TAMIL NADU,33.17,22.43,46.3,1013.4,1011.5,False,NORMAL,DEMO_REPLAY
1,2026-09-17T12:05:00+00:00,42027099999,Srinagar AWS,34.08,74.8,1587.0,JAMMU AND KASHMIR,33.47,22.69,46.1,1013.4,822.2,False,NORMAL,DEMO_REPLAY
1,2026-09-17T12:05:00+00:00,42867099999,Nagpur / Sonegaon,21.1,79.05,310.0,MAHARASHTRA,33.77,22.95,45.9,1013.4,976.1,False,NORMAL,DEMO_REPLAY
1,2026-09-17T12:05:00+00:00,42339099999,Jodhpur AWS,26.25,73.05,224.0,RAJASTHAN,34.07,23.21,45.7,1013.4,986.5,False,NORMAL,DEMO_REPLAY
2,2026-09-17T12:10:00+00:00,42182099999,New Delhi / Safdarjung,28.585,77.206,215.0,DELHI,31.86,21.32,47.3,1013.3,987.4,False,NORMAL,DEMO_REPLAY
2,2026-09-17T12:10:00+00:00,43003099999,Mumbai / Santacruz,19.12,72.85,14.0,MAHARASHTRA,32.16,21.58,47.1,1013.3,1011.6,False,NORMAL,DEMO_REPLAY
2,2026-09-17T12:10:00+00:00,43295099999,Bengaluru / HAL,12.95,77.67,888.0,KARNATAKA,32.46,21.84,46.9,1013.3,906.3,False,NORMAL,DEMO_REPLAY
2,2026-09-17T12:10:00+00:00,42809099999,Kolkata / Dum Dum,22.65,88.45,5.0,WEST BENGAL,32.76,22.1,46.7,1013.3,1012.7,False,NORMAL,DEMO_REPLAY
2,2026-09-17T12:10:00+00:00,43279099999,Chennai / Meenambakkam,13.0,80.18,16.0,TAMIL NADU,33.06,22.36,46.5,1013.3,1011.4,False,NORMAL,DEMO_REPLAY
2,2026-09-17T12:10:00+00:00,42027099999,Srinagar AWS,34.08,74.8,1587.0,JAMMU AND KASHMIR,33.36,22.62,46.3,1013.3,822.1,False,NORMAL,DEMO_REPLAY
2,2026-09-17T12:10:00+00:00,42867099999,Nagpur / Sonegaon,21.1,79.05,310.0,MAHARASHTRA,33.66,22.88,46.1,1013.3,975.9,False,NORMAL,DEMO_REPLAY
2,2026-09-17T12:10:00+00:00,42339099999,Jodhpur AWS,26.25,73.05,224.0,RAJASTHAN,33.96,23.14,45.9,1013.3,986.3,False,NORMAL,DEMO_REPLAY
3,2026-09-17T12:15:00+00:00,42182099999,New Delhi / Safdarjung,28.585,77.206,215.0,DELHI,31.7,21.22,47.6,1013.1,987.2,False,NORMAL,DEMO_REPLAY
3,2026-09-17T12:15:00+00:00,43003099999,Mumbai / Santacruz,19.12,72.85,14.0,MAHARASHTRA,32.0,21.48,47.4,1013.1,1011.4,False,NORMAL,DEMO_REPLAY
3,2026-09-17T12:15:00+00:00,43295099999,Bengaluru / HAL,12.95,77.67,888.0,KARNATAKA,32.3,21.74,47.2,1013.1,906.1,False,NORMAL,DEMO_REPLAY
3,2026-09-17T12:15:00+00:00,42809099999,Kolkata / Dum Dum,22.65,88.45,5.0,WEST BENGAL,32.6,22.0,47.0,1013.1,1012.5,False,NORMAL,DEMO_REPLAY
3,2026-09-17T12:15:00+00:00,43279099999,Chennai / Meenambakkam,13.0,80.18,16.0,TAMIL NADU,32.9,22.26,46.8,1013.1,1011.1,False,NORMAL,DEMO_REPLAY
3,2026-09-17T12:15:00+00:00,42027099999,Srinagar AWS,34.08,74.8,1587.0,JAMMU AND KASHMIR,33.2,22.52,46.6,1013.1,821.9,False,NORMAL,DEMO_REPLAY
3,2026-09-17T12:15:00+00:00,42867099999,Nagpur / Sonegaon,21.1,79.05,310.0,MAHARASHTRA,33.5,22.78,46.4,1013.1,975.7,False,NORMAL,DEMO_REPLAY
3,2026-09-17T12:15:00+00:00,42339099999,Jodhpur AWS,26.25,73.05,224.0,RAJASTHAN,33.8,23.04,46.2,1013.1,986.1,False,NORMAL,DEMO_REPLAY
4,2026-09-17T12:20:00+00:00,42182099999,New Delhi / Safdarjung,28.585,77.206,215.0,DELHI,31.46,21.08,48.1,1012.8,986.8,False,NORMAL,DEMO_REPLAY
4,2026-09-17T12:20:00+00:00,43003099999,Mumbai / Santacruz,19.12,72.85,14.0,MAHARASHTRA,31.76,21.34,47.9,1012.8,1011.1,False,NORMAL,DEMO_REPLAY
4,2026-09-17T12:20:00+00:00,43295099999,Bengaluru / HAL,12.95,77.67,888.0,KARNATAKA,32.06,21.6,47.7,1012.8,905.8,False,NORMAL,DEMO_REPLAY
4,2026-09-17T12:20:00+00:00,42809099999,Kolkata / Dum Dum,22.65,88.45,5.0,WEST BENGAL,32.36,21.86,47.5,1012.8,1012.1,False,NORMAL,DEMO_REPLAY
4,2026-09-17T12:20:00+00:00,43279099999,Chennai / Meenambakkam,13.0,80.18,16.0,TAMIL NADU,32.66,22.12,47.3,1012.8,1010.8,False,NORMAL,DEMO_REPLAY
4,2026-09-17T12:20:00+00:00,42027099999,Srinagar AWS,34.08,74.8,1587.0,JAMMU AND KASHMIR,32.96,22.38,47.1,1012.8,821.5,False,NORMAL,DEMO_REPLAY
4,2026-09-17T12:20:00+00:00,42867099999,Nagpur / Sonegaon,21.1,79.05,310.0,MAHARASHTRA,33.26,22.64,46.9,1012.8,975.4,False,NORMAL,DEMO_REPLAY
4,2026-09-17T12:20:00+00:00,42339099999,Jodhpur AWS,26.25,73.05,224.0,RAJASTHAN,33.56,22.9,46.7,1012.8,985.8,False,NORMAL,DEMO_REPLAY
5,2026-09-17T12:25:00+00:00,42182099999,New Delhi / Safdarjung,28.585,77.206,215.0,DELHI,31.17,20.91,48.7,1012.4,986.5,False,NORMAL,DEMO_REPLAY
5,2026-09-17T12:25:00+00:00,43003099999,Mumbai / Santacruz,19.12,72.85,14.0,MAHARASHTRA,31.47,21.17,48.5,1012.4,1010.7,False,NORMAL,DEMO_REPLAY
5,2026-09-17T12:25:00+00:00,43295099999,Bengaluru / HAL,12.95,77.67,888.0,KARNATAKA,31.77,21.43,48.3,1012.4,905.4,False,NORMAL,DEMO_REPLAY
5,2026-09-17T12:25:00+00:00,42809099999,Kolkata / Dum Dum,22.65,88.45,5.0,WEST BENGAL,32.07,21.69,48.1,1012.4,1011.8,False,NORMAL,DEMO_REPLAY
5,2026-09-17T12:25:00+00:00,43279099999,Chennai / Meenambakkam,13.0,80.18,16.0,TAMIL NADU,32.37,21.95,47.9,1012.4,1010.5,False,NORMAL,DEMO_REPLAY
5,2026-09-17T12:25:00+00:00,42027099999,Srinagar AWS,34.08,74.8,1587.0,JAMMU AND KASHMIR,32.67,22.21,47.7,1012.4,821.2,False,NORMAL,DEMO_REPLAY
5,2026-09-17T12:25:00+00:00,42867099999,Nagpur / Sonegaon,21.1,79.05,310.0,MAHARASHTRA,32.97,22.47,47.5,1012.4,975.0,False,NORMAL,DEMO_REPLAY
5,2026-09-17T12:25:00+00:00,42339099999,Jodhpur AWS,26.25,73.05,224.0,RAJASTHAN,33.27,22.73,47.3,1012.4,985.4,False,NORMAL,DEMO_REPLAY
6,2026-09-17T12:30:00+00:00,42182099999,New Delhi / Safdarjung,28.585,77.206,215.0,DELHI,30.83,20.69,49.3,1012.0,986.1,False,NORMAL,DEMO_REPLAY
6,2026-09-17T12:30:00+00:00,43003099999,Mumbai / Santacruz,19.12,72.85,14.0,MAHARASHTRA,31.13,20.95,49.1,1012.0,1010.3,False,NORMAL,DEMO_REPLAY
6,2026-09-17T12:30:00+00:00,43295099999,Bengaluru / HAL,12.95,77.67,888.0,KARNATAKA,31.43,21.21,48.9,1012.0,905.0,False,NORMAL,DEMO_REPLAY
6,2026-09-17T12:30:00+00:00,42809099999,Kolkata / Dum Dum,22.65,88.45,5.0,WEST BENGAL,31.73,21.47,48.7,1012.0,1011.4,False,NORMAL,DEMO_REPLAY
6,2026-09-17T12:30:00+00:00,43279099999,Chennai / Meenambakkam,13.0,80.18,16.0,TAMIL NADU,32.03,21.73,48.5,1012.0,1010.1,False,NORMAL,DEMO_REPLAY
6,2026-09-17T12:30:00+00:00,42027099999,Srinagar AWS,34.08,74.8,1587.0,JAMMU AND KASHMIR,32.33,21.99,48.3,1012.0,820.8,False,NORMAL,DEMO_REPLAY
6,2026-09-17T12:30:00+00:00,42867099999,Nagpur / Sonegaon,21.1,79.05,310.0,MAHARASHTRA,32.63,22.25,48.1,1012.0,974.7,False,NORMAL,DEMO_REPLAY
6,2026-09-17T12:30:00+00:00,42339099999,Jodhpur AWS,26.25,73.05,224.0,RAJASTHAN,32.93,22.51,47.9,1012.0,985.0,False,NORMAL,DEMO_REPLAY
7,2026-09-17T12:35:00+00:00,42182099999,New Delhi / Safdarjung,28.585,77.206,215.0,DELHI,30.44,20.46,50.1,1011.6,985.7,False,NORMAL,DEMO_REPLAY
7,2026-09-17T12:35:00+00:00,43003099999,Mumbai / Santacruz,19.12,72.85,14.0,MAHARASHTRA,30.74,20.72,49.9,1011.6,1009.9,False,NORMAL,DEMO_REPLAY
7,2026-09-17T12:35:00+00:00,43295099999,Bengaluru / HAL,12.95,77.67,888.0,KARNATAKA,31.04,20.98,49.7,1011.6,904.6,False,NORMAL,DEMO_REPLAY
7,2026-09-17T12:35:00+00:00,42809099999,Kolkata / Dum Dum,22.65,88.45,5.0,WEST BENGAL,31.34,21.24,49.5,1011.6,1011.0,False,NORMAL,DEMO_REPLAY
7,2026-09-17T12:35:00+00:00,43279099999,Chennai / Meenambakkam,13.0,80.18,16.0,TAMIL NADU,31.64,21.5,49.3,1011.6,1009.7,False,NORMAL,DEMO_REPLAY
7,2026-09-17T12:35:00+00:00,42027099999,Srinagar AWS,34.08,74.8,1587.0,JAMMU AND KASHMIR,31.94,21.76,49.1,1011.6,820.4,False,NORMAL,DEMO_REPLAY
7,2026-09-17T12:35:00+00:00,42867099999,Nagpur / Sonegaon,21.1,79.05,310.0,MAHARASHTRA,32.24,22.02,48.9,1011.6,974.3,False,NORMAL,DEMO_REPLAY
7,2026-09-17T12:35:00+00:00,42339099999,Jodhpur AWS,26.25,73.05,224.0,RAJASTHAN,32.54,22.28,48.7,1011.6,984.6,False,NORMAL,DEMO_REPLAY
8,2026-09-17T12:40:00+00:00,42182099999,New Delhi / Safdarjung,28.585,77.206,215.0,DELHI,49.5,8.0,51.0,1011.2,985.3,True,PROBABLE_SENSOR_ANOMALY,DEMO_REPLAY
8,2026-09-17T12:40:00+00:00,43003099999,Mumbai / Santacruz,19.12,72.85,14.0,MAHARASHTRA,30.3,20.46,50.8,1011.2,1009.6,False,NORMAL,DEMO_REPLAY
8,2026-09-17T12:40:00+00:00,43295099999,Bengaluru / HAL,12.95,77.67,888.0,KARNATAKA,30.6,20.72,50.6,1011.2,904.3,False,NORMAL,DEMO_REPLAY
8,2026-09-17T12:40:00+00:00,42809099999,Kolkata / Dum Dum,22.65,88.45,5.0,WEST BENGAL,30.9,20.98,50.4,1011.2,1010.6,False,NORMAL,DEMO_REPLAY
8,2026-09-17T12:40:00+00:00,43279099999,Chennai / Meenambakkam,13.0,80.18,16.0,TAMIL NADU,31.2,21.24,50.2,1011.2,1009.3,False,NORMAL,DEMO_REPLAY
8,2026-09-17T12:40:00+00:00,42027099999,Srinagar AWS,34.08,74.8,1587.0,JAMMU AND KASHMIR,31.5,21.5,50.0,1011.2,820.0,False,NORMAL,DEMO_REPLAY
8,2026-09-17T12:40:00+00:00,42867099999,Nagpur / Sonegaon,21.1,79.05,310.0,MAHARASHTRA,31.8,21.76,49.8,1011.2,973.9,False,NORMAL,DEMO_REPLAY
8,2026-09-17T12:40:00+00:00,42339099999,Jodhpur AWS,26.25,73.05,224.0,RAJASTHAN,32.1,22.02,49.6,1011.2,984.3,False,NORMAL,DEMO_REPLAY
9,2026-09-17T12:45:00+00:00,42182099999,New Delhi / Safdarjung,28.585,77.206,215.0,DELHI,29.53,19.91,51.9,1010.9,985.0,False,NORMAL,DEMO_REPLAY
9,2026-09-17T12:45:00+00:00,43003099999,Mumbai / Santacruz,19.12,72.85,14.0,MAHARASHTRA,29.83,20.17,51.7,1010.9,1009.3,False,NORMAL,DEMO_REPLAY
9,2026-09-17T12:45:00+00:00,43295099999,Bengaluru / HAL,12.95,77.67,888.0,KARNATAKA,30.13,20.43,51.5,1010.9,904.0,False,NORMAL,DEMO_REPLAY
9,2026-09-17T12:45:00+00:00,42809099999,Kolkata / Dum Dum,22.65,88.45,5.0,WEST BENGAL,30.43,20.69,51.3,1010.9,1010.3,False,NORMAL,DEMO_REPLAY
9,2026-09-17T12:45:00+00:00,43279099999,Chennai / Meenambakkam,13.0,80.18,16.0,TAMIL NADU,30.73,20.95,51.1,1010.9,1009.0,False,NORMAL,DEMO_REPLAY
9,2026-09-17T12:45:00+00:00,42027099999,Srinagar AWS,34.08,74.8,1587.0,JAMMU AND KASHMIR,31.03,21.21,50.9,1010.9,819.7,False,NORMAL,DEMO_REPLAY
9,2026-09-17T12:45:00+00:00,42867099999,Nagpur / Sonegaon,21.1,79.05,310.0,MAHARASHTRA,31.33,21.47,50.7,1010.9,973.6,False,NORMAL,DEMO_REPLAY
9,2026-09-17T12:45:00+00:00,42339099999,Jodhpur AWS,26.25,73.05,224.0,RAJASTHAN,31.63,21.73,50.5,1010.9,984.0,False,NORMAL,DEMO_REPLAY
10,2026-09-17T12:50:00+00:00,42182099999,New Delhi / Safdarjung,28.585,77.206,215.0,DELHI,29.04,19.62,52.9,1010.7,984.8,False,NORMAL,DEMO_REPLAY
10,2026-09-17T12:50:00+00:00,43003099999,Mumbai / Santacruz,19.12,72.85,14.0,MAHARASHTRA,29.34,19.88,52.7,1010.7,1009.0,False,NORMAL,DEMO_REPLAY
10,2026-09-17T12:50:00+00:00,43295099999,Bengaluru / HAL,12.95,77.67,888.0,KARNATAKA,29.64,20.14,52.5,1010.7,903.7,False,NORMAL,DEMO_REPLAY
10,2026-09-17T12:50:00+00:00,42809099999,Kolkata / Dum Dum,22.65,88.45,5.0,WEST BENGAL,29.94,20.4,52.3,1010.7,1010.1,False,NORMAL,DEMO_REPLAY
10,2026-09-17T12:50:00+00:00,43279099999,Chennai / Meenambakkam,13.0,80.18,16.0,TAMIL NADU,30.24,20.66,52.1,1010.7,1008.8,False,NORMAL,DEMO_REPLAY
10,2026-09-17T12:50:00+00:00,42027099999,Srinagar AWS,34.08,74.8,1587.0,JAMMU AND KASHMIR,30.54,20.92,51.9,1010.7,819.5,False,NORMAL,DEMO_REPLAY
10,2026-09-17T12:50:00+00:00,42867099999,Nagpur / Sonegaon,21.1,79.05,310.0,MAHARASHTRA,30.84,21.18,51.7,1010.7,973.4,False,NORMAL,DEMO_REPLAY
10,2026-09-17T12:50:00+00:00,42339099999,Jodhpur AWS,26.25,73.05,224.0,RAJASTHAN,31.14,21.44,51.5,1010.7,983.7,False,NORMAL,DEMO_REPLAY
11,2026-09-17T12:55:00+00:00,42182099999,New Delhi / Safdarjung,28.585,77.206,215.0,DELHI,28.52,19.32,54.0,1010.6,984.6,False,NORMAL,DEMO_REPLAY
11,2026-09-17T12:55:00+00:00,43003099999,Mumbai / Santacruz,19.12,72.85,14.0,MAHARASHTRA,28.82,19.58,53.8,1010.6,1008.9,False,NORMAL,DEMO_REPLAY
11,2026-09-17T12:55:00+00:00,43295099999,Bengaluru / HAL,12.95,77.67,888.0,KARNATAKA,29.12,19.84,53.6,1010.6,903.6,False,NORMAL,DEMO_REPLAY
11,2026-09-17T12:55:00+00:00,42809099999,Kolkata / Dum Dum,22.65,88.45,5.0,WEST BENGAL,29.42,20.1,53.4,1010.6,1009.9,False,NORMAL,DEMO_REPLAY
11,2026-09-17T12:55:00+00:00,43279099999,Chennai / Meenambakkam,13.0,80.18,16.0,TAMIL NADU,29.72,20.36,53.2,1010.6,1008.6,False,NORMAL,DEMO_REPLAY
11,2026-09-17T12:55:00+00:00,42027099999,Srinagar AWS,34.08,74.8,1587.0,JAMMU AND KASHMIR,30.02,20.62,53.0,1010.6,819.3,False,NORMAL,DEMO_REPLAY
11,2026-09-17T12:55:00+00:00,42867099999,Nagpur / Sonegaon,21.1,79.05,310.0,MAHARASHTRA,30.32,20.88,52.8,1010.6,973.2,False,NORMAL,DEMO_REPLAY
11,2026-09-17T12:55:00+00:00,42339099999,Jodhpur AWS,26.25,73.05,224.0,RAJASTHAN,30.62,21.14,52.6,1010.6,983.6,False,NORMAL,DEMO_REPLAY
12,2026-09-17T13:00:00+00:00,42182099999,New Delhi / Safdarjung,28.585,77.206,215.0,DELHI,28.0,19.0,55.0,1010.5,984.6,False,NORMAL,DEMO_REPLAY
12,2026-09-17T13:00:00+00:00,43003099999,Mumbai / Santacruz,19.12,72.85,14.0,MAHARASHTRA,28.3,19.26,54.8,1010.5,1008.8,False,NORMAL,DEMO_REPLAY
12,2026-09-17T13:00:00+00:00,43295099999,Bengaluru / HAL,12.95,77.67,888.0,KARNATAKA,28.6,19.52,54.6,1010.5,903.5,False,NORMAL,DEMO_REPLAY
12,2026-09-17T13:00:00+00:00,42809099999,Kolkata / Dum Dum,22.65,88.45,5.0,WEST BENGAL,28.9,19.78,54.4,1010.5,1009.9,False,NORMAL,DEMO_REPLAY
12,2026-09-17T13:00:00+00:00,43279099999,Chennai / Meenambakkam,13.0,80.18,16.0,TAMIL NADU,29.2,20.04,54.2,1010.5,1008.6,False,NORMAL,DEMO_REPLAY
12,2026-09-17T13:00:00+00:00,42027099999,Srinagar AWS,34.08,74.8,1587.0,JAMMU AND KASHMIR,29.5,20.3,54.0,1010.5,819.3,False,NORMAL,DEMO_REPLAY
12,2026-09-17T13:00:00+00:00,42867099999,Nagpur / Sonegaon,21.1,79.05,310.0,MAHARASHTRA,29.8,20.56,53.8,1010.5,973.2,False,NORMAL,DEMO_REPLAY
12,2026-09-17T13:00:00+00:00,42339099999,Jodhpur AWS,26.25,73.05,224.0,RAJASTHAN,30.1,20.82,53.6,1010.5,983.5,False,NORMAL,DEMO_REPLAY
13,2026-09-17T13:05:00+00:00,42182099999,New Delhi / Safdarjung,28.585,77.206,215.0,DELHI,27.48,18.68,56.0,1010.6,984.6,False,NORMAL,DEMO_REPLAY
13,2026-09-17T13:05:00+00:00,43003099999,Mumbai / Santacruz,19.12,72.85,14.0,MAHARASHTRA,27.78,18.94,55.8,1010.6,1008.9,False,NORMAL,DEMO_REPLAY
13,2026-09-17T13:05:00+00:00,43295099999,Bengaluru / HAL,12.95,77.67,888.0,KARNATAKA,28.08,19.2,55.6,1010.6,903.6,False,NORMAL,DEMO_REPLAY
13,2026-09-17T13:05:00+00:00,42809099999,Kolkata / Dum Dum,22.65,88.45,5.0,WEST BENGAL,28.38,19.46,55.4,1010.6,1009.9,False,NORMAL,DEMO_REPLAY
13,2026-09-17T13:05:00+00:00,43279099999,Chennai / Meenambakkam,13.0,80.18,16.0,TAMIL NADU,28.68,19.72,55.2,1010.6,1008.6,False,NORMAL,DEMO_REPLAY
13,2026-09-17T13:05:00+00:00,42027099999,Srinagar AWS,34.08,74.8,1587.0,JAMMU AND KASHMIR,28.98,19.98,55.0,1010.6,819.3,False,NORMAL,DEMO_REPLAY
13,2026-09-17T13:05:00+00:00,42867099999,Nagpur / Sonegaon,21.1,79.05,310.0,MAHARASHTRA,29.28,20.24,54.8,1010.6,973.2,False,NORMAL,DEMO_REPLAY
13,2026-09-17T13:05:00+00:00,42339099999,Jodhpur AWS,26.25,73.05,224.0,RAJASTHAN,29.58,20.5,54.6,1010.6,983.6,False,NORMAL,DEMO_REPLAY
14,2026-09-17T13:10:00+00:00,42182099999,New Delhi / Safdarjung,28.585,77.206,215.0,DELHI,26.96,18.38,57.1,1010.7,984.8,False,NORMAL,DEMO_REPLAY
14,2026-09-17T13:10:00+00:00,43003099999,Mumbai / Santacruz,19.12,72.85,14.0,MAHARASHTRA,27.26,18.64,56.9,1010.7,1009.0,False,NORMAL,DEMO_REPLAY
14,2026-09-17T13:10:00+00:00,43295099999,Bengaluru / HAL,12.95,77.67,888.0,KARNATAKA,27.56,18.9,56.7,1010.7,903.7,False,NORMAL,DEMO_REPLAY
14,2026-09-17T13:10:00+00:00,42809099999,Kolkata / Dum Dum,22.65,88.45,5.0,WEST BENGAL,27.86,19.16,56.5,1010.7,1010.1,False,NORMAL,DEMO_REPLAY
14,2026-09-17T13:10:00+00:00,43279099999,Chennai / Meenambakkam,13.0,80.18,16.0,TAMIL NADU,28.16,19.42,56.3,1010.7,1008.8,False,NORMAL,DEMO_REPLAY
14,2026-09-17T13:10:00+00:00,42027099999,Srinagar AWS,34.08,74.8,1587.0,JAMMU AND KASHMIR,28.46,19.68,56.1,1010.7,819.5,False,NORMAL,DEMO_REPLAY
14,2026-09-17T13:10:00+00:00,42867099999,Nagpur / Sonegaon,21.1,79.05,310.0,MAHARASHTRA,28.76,19.94,55.9,1010.7,973.4,False,NORMAL,DEMO_REPLAY
14,2026-09-17T13:10:00+00:00,42339099999,Jodhpur AWS,26.25,73.05,224.0,RAJASTHAN,29.06,20.2,55.7,1010.7,983.7,False,NORMAL,DEMO_REPLAY
15,2026-09-17T13:15:00+00:00,42182099999,New Delhi / Safdarjung,28.585,77.206,215.0,DELHI,26.47,18.09,58.1,1010.9,985.0,False,NORMAL,DEMO_REPLAY
15,2026-09-17T13:15:00+00:00,43003099999,Mumbai / Santacruz,19.12,72.85,14.0,MAHARASHTRA,26.77,18.35,57.9,1010.9,1009.3,False,NORMAL,DEMO_REPLAY
15,2026-09-17T13:15:00+00:00,43295099999,Bengaluru / HAL,12.95,77.67,888.0,KARNATAKA,27.07,18.61,57.7,1010.9,904.0,False,NORMAL,DEMO_REPLAY
15,2026-09-17T13:15:00+00:00,42809099999,Kolkata / Dum Dum,22.65,88.45,5.0,WEST BENGAL,27.37,18.87,57.5,1010.9,1010.3,False,NORMAL,DEMO_REPLAY
15,2026-09-17T13:15:00+00:00,43279099999,Chennai / Meenambakkam,13.0,80.18,16.0,TAMIL NADU,27.67,19.13,57.3,1010.9,1009.0,False,NORMAL,DEMO_REPLAY
15,2026-09-17T13:15:00+00:00,42027099999,Srinagar AWS,34.08,74.8,1587.0,JAMMU AND KASHMIR,27.97,19.39,57.1,1010.9,819.7,False,NORMAL,DEMO_REPLAY
15,2026-09-17T13:15:00+00:00,42867099999,Nagpur / Sonegaon,21.1,79.05,310.0,MAHARASHTRA,28.27,19.65,56.9,1010.9,973.6,False,NORMAL,DEMO_REPLAY
15,2026-09-17T13:15:00+00:00,42339099999,Jodhpur AWS,26.25,73.05,224.0,RAJASTHAN,28.57,19.91,56.7,1010.9,984.0,False,NORMAL,DEMO_REPLAY
16,2026-09-17T13:20:00+00:00,42182099999,New Delhi / Safdarjung,28.585,77.206,215.0,DELHI,26.0,17.8,59.0,1011.2,985.3,False,NORMAL,DEMO_REPLAY
16,2026-09-17T13:20:00+00:00,43003099999,Mumbai / Santacruz,19.12,72.85,14.0,MAHARASHTRA,29.2,23.5,72.0,1011.2,1009.6,True,PROBABLE_SENSOR_ANOMALY,DEMO_REPLAY
16,2026-09-17T13:20:00+00:00,43295099999,Bengaluru / HAL,12.95,77.67,888.0,KARNATAKA,26.6,18.32,58.6,1011.2,904.3,False,NORMAL,DEMO_REPLAY
16,2026-09-17T13:20:00+00:00,42809099999,Kolkata / Dum Dum,22.65,88.45,5.0,WEST BENGAL,26.9,18.58,58.4,1011.2,1010.6,False,NORMAL,DEMO_REPLAY
16,2026-09-17T13:20:00+00:00,43279099999,Chennai / Meenambakkam,13.0,80.18,16.0,TAMIL NADU,27.2,18.84,58.2,1011.2,1009.3,False,NORMAL,DEMO_REPLAY
16,2026-09-17T13:20:00+00:00,42027099999,Srinagar AWS,34.08,74.8,1587.0,JAMMU AND KASHMIR,27.5,19.1,58.0,1011.2,820.0,False,NORMAL,DEMO_REPLAY
16,2026-09-17T13:20:00+00:00,42867099999,Nagpur / Sonegaon,21.1,79.05,310.0,MAHARASHTRA,27.8,19.36,57.8,1011.2,973.9,False,NORMAL,DEMO_REPLAY
16,2026-09-17T13:20:00+00:00,42339099999,Jodhpur AWS,26.25,73.05,224.0,RAJASTHAN,28.1,19.62,57.6,1011.2,984.3,False,NORMAL,DEMO_REPLAY
17,2026-09-17T13:25:00+00:00,42182099999,New Delhi / Safdarjung,28.585,77.206,215.0,DELHI,25.56,17.54,59.9,1011.6,985.7,False,NORMAL,DEMO_REPLAY
17,2026-09-17T13:25:00+00:00,43003099999,Mumbai / Santacruz,19.12,72.85,14.0,MAHARASHTRA,29.2,23.5,72.0,1011.6,1009.9,True,PROBABLE_SENSOR_ANOMALY,DEMO_REPLAY
17,2026-09-17T13:25:00+00:00,43295099999,Bengaluru / HAL,12.95,77.67,888.0,KARNATAKA,26.16,18.06,59.5,1011.6,904.6,False,NORMAL,DEMO_REPLAY
17,2026-09-17T13:25:00+00:00,42809099999,Kolkata / Dum Dum,22.65,88.45,5.0,WEST BENGAL,26.46,18.32,59.3,1011.6,1011.0,False,NORMAL,DEMO_REPLAY
17,2026-09-17T13:25:00+00:00,43279099999,Chennai / Meenambakkam,13.0,80.18,16.0,TAMIL NADU,26.76,18.58,59.1,1011.6,1009.7,False,NORMAL,DEMO_REPLAY
17,2026-09-17T13:25:00+00:00,42027099999,Srinagar AWS,34.08,74.8,1587.0,JAMMU AND KASHMIR,27.06,18.84,58.9,1011.6,820.4,False,NORMAL,DEMO_REPLAY
17,2026-09-17T13:25:00+00:00,42867099999,Nagpur / Sonegaon,21.1,79.05,310.0,MAHARASHTRA,27.36,19.1,58.7,1011.6,974.3,False,NORMAL,DEMO_REPLAY
17,2026-09-17T13:25:00+00:00,42339099999,Jodhpur AWS,26.25,73.05,224.0,RAJASTHAN,27.66,19.36,58.5,1011.6,984.6,False,NORMAL,DEMO_REPLAY
18,2026-09-17T13:30:00+00:00,42182099999,New Delhi / Safdarjung,28.585,77.206,215.0,DELHI,25.17,17.31,60.7,1012.0,986.1,False,NORMAL,DEMO_REPLAY
18,2026-09-17T13:30:00+00:00,43003099999,Mumbai / Santacruz,19.12,72.85,14.0,MAHARASHTRA,29.2,23.5,72.0,1012.0,1010.3,True,PROBABLE_SENSOR_ANOMALY,DEMO_REPLAY
18,2026-09-17T13:30:00+00:00,43295099999,Bengaluru / HAL,12.95,77.67,888.0,KARNATAKA,25.77,17.83,60.3,1012.0,905.0,False,NORMAL,DEMO_REPLAY
18,2026-09-17T13:30:00+00:00,42809099999,Kolkata / Dum Dum,22.65,88.45,5.0,WEST BENGAL,26.07,18.09,60.1,1012.0,1011.4,False,NORMAL,DEMO_REPLAY
18,2026-09-17T13:30:00+00:00,43279099999,Chennai / Meenambakkam,13.0,80.18,16.0,TAMIL NADU,26.37,18.35,59.9,1012.0,1010.1,False,NORMAL,DEMO_REPLAY
18,2026-09-17T13:30:00+00:00,42027099999,Srinagar AWS,34.08,74.8,1587.0,JAMMU AND KASHMIR,26.67,18.61,59.7,1012.0,820.8,False,NORMAL,DEMO_REPLAY
18,2026-09-17T13:30:00+00:00,42867099999,Nagpur / Sonegaon,21.1,79.05,310.0,MAHARASHTRA,26.97,18.87,59.5,1012.0,974.7,False,NORMAL,DEMO_REPLAY
18,2026-09-17T13:30:00+00:00,42339099999,Jodhpur AWS,26.25,73.05,224.0,RAJASTHAN,27.27,19.13,59.3,1012.0,985.0,False,NORMAL,DEMO_REPLAY
19,2026-09-17T13:35:00+00:00,42182099999,New Delhi / Safdarjung,28.585,77.206,215.0,DELHI,24.83,17.09,61.3,1012.4,986.5,False,NORMAL,DEMO_REPLAY
19,2026-09-17T13:35:00+00:00,43003099999,Mumbai / Santacruz,19.12,72.85,14.0,MAHARASHTRA,29.2,23.5,72.0,1012.4,1010.7,True,PROBABLE_SENSOR_ANOMALY,DEMO_REPLAY
19,2026-09-17T13:35:00+00:00,43295099999,Bengaluru / HAL,12.95,77.67,888.0,KARNATAKA,25.43,17.61,60.9,1012.4,905.4,False,NORMAL,DEMO_REPLAY
19,2026-09-17T13:35:00+00:00,42809099999,Kolkata / Dum Dum,22.65,88.45,5.0,WEST BENGAL,25.73,17.87,60.7,1012.4,1011.8,False,NORMAL,DEMO_REPLAY
19,2026-09-17T13:35:00+00:00,43279099999,Chennai / Meenambakkam,13.0,80.18,16.0,TAMIL NADU,26.03,18.13,60.5,1012.4,1010.5,False,NORMAL,DEMO_REPLAY
19,2026-09-17T13:35:00+00:00,42027099999,Srinagar AWS,34.08,74.8,1587.0,JAMMU AND KASHMIR,26.33,18.39,60.3,1012.4,821.2,False,NORMAL,DEMO_REPLAY
19,2026-09-17T13:35:00+00:00,42867099999,Nagpur / Sonegaon,21.1,79.05,310.0,MAHARASHTRA,26.63,18.65,60.1,1012.4,975.0,False,NORMAL,DEMO_REPLAY
19,2026-09-17T13:35:00+00:00,42339099999,Jodhpur AWS,26.25,73.05,224.0,RAJASTHAN,26.93,18.91,59.9,1012.4,985.4,False,NORMAL,DEMO_REPLAY
20,2026-09-17T13:40:00+00:00,42182099999,New Delhi / Safdarjung,28.585,77.206,215.0,DELHI,24.54,16.92,61.9,1012.8,986.8,False,NORMAL,DEMO_REPLAY
20,2026-09-17T13:40:00+00:00,43003099999,Mumbai / Santacruz,19.12,72.85,14.0,MAHARASHTRA,29.2,23.5,72.0,1012.8,1011.1,True,PROBABLE_SENSOR_ANOMALY,DEMO_REPLAY
20,2026-09-17T13:40:00+00:00,43295099999,Bengaluru / HAL,12.95,77.67,888.0,KARNATAKA,25.14,17.44,61.5,1012.8,905.8,False,NORMAL,DEMO_REPLAY
20,2026-09-17T13:40:00+00:00,42809099999,Kolkata / Dum Dum,22.65,88.45,5.0,WEST BENGAL,25.44,17.7,61.3,1012.8,1012.1,False,NORMAL,DEMO_REPLAY
20,2026-09-17T13:40:00+00:00,43279099999,Chennai / Meenambakkam,13.0,80.18,16.0,TAMIL NADU,25.74,17.96,61.1,1012.8,1010.8,False,NORMAL,DEMO_REPLAY
20,2026-09-17T13:40:00+00:00,42027099999,Srinagar AWS,34.08,74.8,1587.0,JAMMU AND KASHMIR,26.04,18.22,60.9,1012.8,821.5,False,NORMAL,DEMO_REPLAY
20,2026-09-17T13:40:00+00:00,42867099999,Nagpur / Sonegaon,21.1,79.05,310.0,MAHARASHTRA,26.34,18.48,60.7,1012.8,975.4,False,NORMAL,DEMO_REPLAY
20,2026-09-17T13:40:00+00:00,42339099999,Jodhpur AWS,26.25,73.05,224.0,RAJASTHAN,26.64,18.74,60.5,1012.8,985.8,False,NORMAL,DEMO_REPLAY
21,2026-09-17T13:45:00+00:00,42182099999,New Delhi / Safdarjung,28.585,77.206,215.0,DELHI,24.3,16.78,62.4,1013.1,987.2,False,NORMAL,DEMO_REPLAY
21,2026-09-17T13:45:00+00:00,43003099999,Mumbai / Santacruz,19.12,72.85,14.0,MAHARASHTRA,24.6,17.04,62.2,1013.1,1011.4,False,NORMAL,DEMO_REPLAY
21,2026-09-17T13:45:00+00:00,43295099999,Bengaluru / HAL,12.95,77.67,888.0,KARNATAKA,24.9,17.3,62.0,1013.1,906.1,False,NORMAL,DEMO_REPLAY
21,2026-09-17T13:45:00+00:00,42809099999,Kolkata / Dum Dum,22.65,88.45,5.0,WEST BENGAL,25.2,17.56,61.8,1013.1,1012.5,False,NORMAL,DEMO_REPLAY
21,2026-09-17T13:45:00+00:00,43279099999,Chennai / Meenambakkam,13.0,80.18,16.0,TAMIL NADU,25.5,17.82,61.6,1013.1,1011.1,False,NORMAL,DEMO_REPLAY
21,2026-09-17T13:45:00+00:00,42027099999,Srinagar AWS,34.08,74.8,1587.0,JAMMU AND KASHMIR,25.8,18.08,61.4,1013.1,821.9,False,NORMAL,DEMO_REPLAY
21,2026-09-17T13:45:00+00:00,42867099999,Nagpur / Sonegaon,21.1,79.05,310.0,MAHARASHTRA,26.1,18.34,61.2,1013.1,975.7,False,NORMAL,DEMO_REPLAY
21,2026-09-17T13:45:00+00:00,42339099999,Jodhpur AWS,26.25,73.05,224.0,RAJASTHAN,26.4,18.6,61.0,1013.1,986.1,False,NORMAL,DEMO_REPLAY
22,2026-09-17T13:50:00+00:00,42182099999,New Delhi / Safdarjung,28.585,77.206,215.0,DELHI,24.14,16.68,62.7,1013.3,987.4,False,NORMAL,DEMO_REPLAY
22,2026-09-17T13:50:00+00:00,43003099999,Mumbai / Santacruz,19.12,72.85,14.0,MAHARASHTRA,24.44,16.94,62.5,1013.3,1011.6,False,NORMAL,DEMO_REPLAY
22,2026-09-17T13:50:00+00:00,43295099999,Bengaluru / HAL,12.95,77.67,888.0,KARNATAKA,24.74,17.2,62.3,1013.3,906.3,False,NORMAL,DEMO_REPLAY
22,2026-09-17T13:50:00+00:00,42809099999,Kolkata / Dum Dum,22.65,88.45,5.0,WEST BENGAL,25.04,17.46,62.1,1013.3,1012.7,False,NORMAL,DEMO_REPLAY
22,2026-09-17T13:50:00+00:00,43279099999,Chennai / Meenambakkam,13.0,80.18,16.0,TAMIL NADU,25.34,17.72,61.9,1013.3,1011.4,False,NORMAL,DEMO_REPLAY
22,2026-09-17T13:50:00+00:00,42027099999,Srinagar AWS,34.08,74.8,1587.0,JAMMU AND KASHMIR,25.64,17.98,61.7,1013.3,822.1,False,NORMAL,DEMO_REPLAY
22,2026-09-17T13:50:00+00:00,42867099999,Nagpur / Sonegaon,21.1,79.05,310.0,MAHARASHTRA,25.94,18.24,61.5,1013.3,975.9,False,NORMAL,DEMO_REPLAY
22,2026-09-17T13:50:00+00:00,42339099999,Jodhpur AWS,26.25,73.05,224.0,RAJASTHAN,26.24,18.5,61.3,1013.3,986.3,False,NORMAL,DEMO_REPLAY
23,2026-09-17T13:55:00+00:00,42182099999,New Delhi / Safdarjung,28.585,77.206,215.0,DELHI,24.03,16.61,62.9,1013.4,987.5,False,NORMAL,DEMO_REPLAY
23,2026-09-17T13:55:00+00:00,43003099999,Mumbai / Santacruz,19.12,72.85,14.0,MAHARASHTRA,24.33,16.87,62.7,1013.4,1011.8,False,NORMAL,DEMO_REPLAY
23,2026-09-17T13:55:00+00:00,43295099999,Bengaluru / HAL,12.95,77.67,888.0,KARNATAKA,24.63,17.13,62.5,1013.4,906.5,False,NORMAL,DEMO_REPLAY
23,2026-09-17T13:55:00+00:00,42809099999,Kolkata / Dum Dum,22.65,88.45,5.0,WEST BENGAL,24.93,17.39,62.3,1013.4,1012.8,False,NORMAL,DEMO_REPLAY
23,2026-09-17T13:55:00+00:00,43279099999,Chennai / Meenambakkam,13.0,80.18,16.0,TAMIL NADU,25.23,17.65,62.1,1013.4,1011.5,False,NORMAL,DEMO_REPLAY
23,2026-09-17T13:55:00+00:00,42027099999,Srinagar AWS,34.08,74.8,1587.0,JAMMU AND KASHMIR,25.53,17.91,61.9,1013.4,822.2,False,NORMAL,DEMO_REPLAY
23,2026-09-17T13:55:00+00:00,42867099999,Nagpur / Sonegaon,21.1,79.05,310.0,MAHARASHTRA,25.83,18.17,61.7,1013.4,976.1,False,NORMAL,DEMO_REPLAY
23,2026-09-17T13:55:00+00:00,42339099999,Jodhpur AWS,26.25,73.05,224.0,RAJASTHAN,26.13,18.43,61.5,1013.4,986.5,False,NORMAL,DEMO_REPLAY
24,2026-09-17T14:00:00+00:00,42182099999,New Delhi / Safdarjung,28.585,77.206,215.0,DELHI,24.0,16.6,63.0,1013.5,987.6,False,NORMAL,DEMO_REPLAY
24,2026-09-17T14:00:00+00:00,43003099999,Mumbai / Santacruz,19.12,72.85,14.0,MAHARASHTRA,24.3,16.86,62.8,1013.5,1011.8,False,NORMAL,DEMO_REPLAY
24,2026-09-17T14:00:00+00:00,43295099999,Bengaluru / HAL,12.95,77.67,888.0,KARNATAKA,24.6,17.12,62.6,1013.5,906.5,False,NORMAL,DEMO_REPLAY
24,2026-09-17T14:00:00+00:00,42809099999,Kolkata / Dum Dum,22.65,88.45,5.0,WEST BENGAL,24.9,17.38,62.4,1013.5,1012.9,False,NORMAL,DEMO_REPLAY
24,2026-09-17T14:00:00+00:00,43279099999,Chennai / Meenambakkam,13.0,80.18,16.0,TAMIL NADU,25.2,17.64,62.2,1013.5,1011.6,False,NORMAL,DEMO_REPLAY
24,2026-09-17T14:00:00+00:00,42027099999,Srinagar AWS,34.08,74.8,1587.0,JAMMU AND KASHMIR,25.5,17.9,62.0,1013.5,822.3,False,NORMAL,DEMO_REPLAY
24,2026-09-17T14:00:00+00:00,42867099999,Nagpur / Sonegaon,21.1,79.05,310.0,MAHARASHTRA,25.8,18.16,61.8,1013.5,976.2,False,NORMAL,DEMO_REPLAY
24,2026-09-17T14:00:00+00:00,42339099999,Jodhpur AWS,26.25,73.05,224.0,RAJASTHAN,26.1,18.42,61.6,1013.5,986.5,False,NORMAL,DEMO_REPLAY
25,2026-09-17T14:05:00+00:00,42182099999,New Delhi / Safdarjung,28.585,77.206,215.0,DELHI,24.03,16.61,62.9,1013.4,987.5,False,NORMAL,DEMO_REPLAY
25,2026-09-17T14:05:00+00:00,43003099999,Mumbai / Santacruz,19.12,72.85,14.0,MAHARASHTRA,24.33,16.87,62.7,1013.4,1011.8,False,NORMAL,DEMO_REPLAY
25,2026-09-17T14:05:00+00:00,43295099999,Bengaluru / HAL,12.95,77.67,888.0,KARNATAKA,24.63,17.13,62.5,1013.4,906.5,False,NORMAL,DEMO_REPLAY
25,2026-09-17T14:05:00+00:00,42809099999,Kolkata / Dum Dum,22.65,88.45,5.0,WEST BENGAL,24.93,17.39,62.3,1013.4,1012.8,False,NORMAL,DEMO_REPLAY
25,2026-09-17T14:05:00+00:00,43279099999,Chennai / Meenambakkam,13.0,80.18,16.0,TAMIL NADU,25.23,17.65,62.1,1013.4,1011.5,False,NORMAL,DEMO_REPLAY
25,2026-09-17T14:05:00+00:00,42027099999,Srinagar AWS,34.08,74.8,1587.0,JAMMU AND KASHMIR,25.53,17.91,61.9,1013.4,822.2,False,NORMAL,DEMO_REPLAY
25,2026-09-17T14:05:00+00:00,42867099999,Nagpur / Sonegaon,21.1,79.05,310.0,MAHARASHTRA,25.83,18.17,61.7,1013.4,976.1,False,NORMAL,DEMO_REPLAY
25,2026-09-17T14:05:00+00:00,42339099999,Jodhpur AWS,26.25,73.05,224.0,RAJASTHAN,26.13,18.43,61.5,1013.4,986.5,False,NORMAL,DEMO_REPLAY
26,2026-09-17T14:10:00+00:00,42182099999,New Delhi / Safdarjung,28.585,77.206,215.0,DELHI,24.14,16.68,62.7,1013.3,987.4,False,NORMAL,DEMO_REPLAY
26,2026-09-17T14:10:00+00:00,43003099999,Mumbai / Santacruz,19.12,72.85,14.0,MAHARASHTRA,24.44,16.94,62.5,1013.3,1011.6,False,NORMAL,DEMO_REPLAY
26,2026-09-17T14:10:00+00:00,43295099999,Bengaluru / HAL,12.95,77.67,888.0,KARNATAKA,24.74,17.2,62.3,1013.3,906.3,False,NORMAL,DEMO_REPLAY
26,2026-09-17T14:10:00+00:00,42809099999,Kolkata / Dum Dum,22.65,88.45,5.0,WEST BENGAL,25.04,17.46,62.1,1013.3,1012.7,False,NORMAL,DEMO_REPLAY
26,2026-09-17T14:10:00+00:00,43279099999,Chennai / Meenambakkam,13.0,80.18,16.0,TAMIL NADU,25.34,17.72,61.9,1013.3,1011.4,False,NORMAL,DEMO_REPLAY
26,2026-09-17T14:10:00+00:00,42027099999,Srinagar AWS,34.08,74.8,1587.0,JAMMU AND KASHMIR,25.64,17.98,61.7,1013.3,822.1,False,NORMAL,DEMO_REPLAY
26,2026-09-17T14:10:00+00:00,42867099999,Nagpur / Sonegaon,21.1,79.05,310.0,MAHARASHTRA,25.94,18.24,61.5,1013.3,975.9,False,NORMAL,DEMO_REPLAY
26,2026-09-17T14:10:00+00:00,42339099999,Jodhpur AWS,26.25,73.05,224.0,RAJASTHAN,26.24,18.5,61.3,1013.3,986.3,False,NORMAL,DEMO_REPLAY
27,2026-09-17T14:15:00+00:00,42182099999,New Delhi / Safdarjung,28.585,77.206,215.0,DELHI,24.3,16.78,62.4,1013.1,987.2,False,NORMAL,DEMO_REPLAY
27,2026-09-17T14:15:00+00:00,43003099999,Mumbai / Santacruz,19.12,72.85,14.0,MAHARASHTRA,24.6,17.04,62.2,1013.1,1011.4,False,NORMAL,DEMO_REPLAY
27,2026-09-17T14:15:00+00:00,43295099999,Bengaluru / HAL,12.95,77.67,888.0,KARNATAKA,24.9,17.3,62.0,1013.1,906.1,False,NORMAL,DEMO_REPLAY
27,2026-09-17T14:15:00+00:00,42809099999,Kolkata / Dum Dum,22.65,88.45,5.0,WEST BENGAL,25.2,17.56,61.8,1013.1,1012.5,False,NORMAL,DEMO_REPLAY
27,2026-09-17T14:15:00+00:00,43279099999,Chennai / Meenambakkam,13.0,80.18,16.0,TAMIL NADU,25.5,17.82,61.6,1013.1,1011.1,False,NORMAL,DEMO_REPLAY
27,2026-09-17T14:15:00+00:00,42027099999,Srinagar AWS,34.08,74.8,1587.0,JAMMU AND KASHMIR,25.8,18.08,61.4,1013.1,821.9,False,NORMAL,DEMO_REPLAY
27,2026-09-17T14:15:00+00:00,42867099999,Nagpur / Sonegaon,21.1,79.05,310.0,MAHARASHTRA,26.1,18.34,61.2,1013.1,975.7,False,NORMAL,DEMO_REPLAY
27,2026-09-17T14:15:00+00:00,42339099999,Jodhpur AWS,26.25,73.05,224.0,RAJASTHAN,26.4,18.6,61.0,1013.1,986.1,False,NORMAL,DEMO_REPLAY
28,2026-09-17T14:20:00+00:00,42182099999,New Delhi / Safdarjung,28.585,77.206,215.0,DELHI,24.54,23.54,61.9,1012.8,986.9,True,POSSIBLE_GENUINE_EVENT,DEMO_REPLAY
28,2026-09-17T14:20:00+00:00,43003099999,Mumbai / Santacruz,19.12,72.85,14.0,MAHARASHTRA,24.84,17.18,61.7,1012.8,1011.1,False,NORMAL,DEMO_REPLAY
28,2026-09-17T14:20:00+00:00,43295099999,Bengaluru / HAL,12.95,77.67,888.0,KARNATAKA,25.14,17.44,61.5,1012.8,905.8,False,NORMAL,DEMO_REPLAY
28,2026-09-17T14:20:00+00:00,42809099999,Kolkata / Dum Dum,22.65,88.45,5.0,WEST BENGAL,25.44,24.44,61.3,1012.8,1012.2,True,POSSIBLE_GENUINE_EVENT,DEMO_REPLAY
28,2026-09-17T14:20:00+00:00,43279099999,Chennai / Meenambakkam,13.0,80.18,16.0,TAMIL NADU,25.74,17.96,61.1,1012.8,1010.8,False,NORMAL,DEMO_REPLAY
28,2026-09-17T14:20:00+00:00,42027099999,Srinagar AWS,34.08,74.8,1587.0,JAMMU AND KASHMIR,26.04,18.22,60.9,1012.8,821.5,False,NORMAL,DEMO_REPLAY
28,2026-09-17T14:20:00+00:00,42867099999,Nagpur / Sonegaon,21.1,79.05,310.0,MAHARASHTRA,26.34,25.34,60.7,1012.8,975.5,True,POSSIBLE_GENUINE_EVENT,DEMO_REPLAY
28,2026-09-17T14:20:00+00:00,42339099999,Jodhpur AWS,26.25,73.05,224.0,RAJASTHAN,26.64,25.64,60.5,1012.8,985.8,True,POSSIBLE_GENUINE_EVENT,DEMO_REPLAY
29,2026-09-17T14:25:00+00:00,42182099999,New Delhi / Safdarjung,28.585,77.206,215.0,DELHI,21.96,20.96,74.7,1009.3,983.4,True,POSSIBLE_GENUINE_EVENT,DEMO_REPLAY
29,2026-09-17T14:25:00+00:00,43003099999,Mumbai / Santacruz,19.12,72.85,14.0,MAHARASHTRA,25.13,17.35,61.1,1012.4,1010.7,False,NORMAL,DEMO_REPLAY
29,2026-09-17T14:25:00+00:00,43295099999,Bengaluru / HAL,12.95,77.67,888.0,KARNATAKA,25.43,17.61,60.9,1012.4,905.4,False,NORMAL,DEMO_REPLAY
29,2026-09-17T14:25:00+00:00,42809099999,Kolkata / Dum Dum,22.65,88.45,5.0,WEST BENGAL,22.86,21.86,74.1,1009.3,1008.7,True,POSSIBLE_GENUINE_EVENT,DEMO_REPLAY
29,2026-09-17T14:25:00+00:00,43279099999,Chennai / Meenambakkam,13.0,80.18,16.0,TAMIL NADU,26.03,18.13,60.5,1012.4,1010.5,False,NORMAL,DEMO_REPLAY
29,2026-09-17T14:25:00+00:00,42027099999,Srinagar AWS,34.08,74.8,1587.0,JAMMU AND KASHMIR,26.33,18.39,60.3,1012.4,821.2,False,NORMAL,DEMO_REPLAY
29,2026-09-17T14:25:00+00:00,42867099999,Nagpur / Sonegaon,21.1,79.05,310.0,MAHARASHTRA,23.76,22.76,73.5,1009.3,972.0,True,POSSIBLE_GENUINE_EVENT,DEMO_REPLAY
29,2026-09-17T14:25:00+00:00,42339099999,Jodhpur AWS,26.25,73.05,224.0,RAJASTHAN,24.06,23.06,73.3,1009.3,982.3,True,POSSIBLE_GENUINE_EVENT,DEMO_REPLAY
30,2026-09-17T14:30:00+00:00,42182099999,New Delhi / Safdarjung,28.585,77.206,215.0,DELHI,19.87,18.87,85.4,1006.3,980.4,True,POSSIBLE_GENUINE_EVENT,DEMO_REPLAY
30,2026-09-17T14:30:00+00:00,43003099999,Mumbai / Santacruz,19.12,72.85,14.0,MAHARASHTRA,25.47,17.57,60.5,1012.0,1010.3,False,NORMAL,DEMO_REPLAY
30,2026-09-17T14:30:00+00:00,43295099999,Bengaluru / HAL,12.95,77.67,888.0,KARNATAKA,25.77,17.83,60.3,1012.0,905.0,False,NORMAL,DEMO_REPLAY
30,2026-09-17T14:30:00+00:00,42809099999,Kolkata / Dum Dum,22.65,88.45,5.0,WEST BENGAL,20.77,19.77,84.8,1006.3,1005.7,True,POSSIBLE_GENUINE_EVENT,DEMO_REPLAY
30,2026-09-17T14:30:00+00:00,43279099999,Chennai / Meenambakkam,13.0,80.18,16.0,TAMIL NADU,26.37,18.35,59.9,1012.0,1010.1,False,NORMAL,DEMO_REPLAY
30,2026-09-17T14:30:00+00:00,42027099999,Srinagar AWS,34.08,74.8,1587.0,JAMMU AND KASHMIR,26.67,18.61,59.7,1012.0,820.8,False,NORMAL,DEMO_REPLAY
30,2026-09-17T14:30:00+00:00,42867099999,Nagpur / Sonegaon,21.1,79.05,310.0,MAHARASHTRA,21.67,20.67,84.2,1006.3,969.0,True,POSSIBLE_GENUINE_EVENT,DEMO_REPLAY
30,2026-09-17T14:30:00+00:00,42339099999,Jodhpur AWS,26.25,73.05,224.0,RAJASTHAN,21.97,20.97,84.0,1006.3,979.3,True,POSSIBLE_GENUINE_EVENT,DEMO_REPLAY
31,2026-09-17T14:35:00+00:00,42182099999,New Delhi / Safdarjung,28.585,77.206,215.0,DELHI,18.64,17.64,92.2,1004.2,978.3,True,POSSIBLE_GENUINE_EVENT,DEMO_REPLAY
31,2026-09-17T14:35:00+00:00,43003099999,Mumbai / Santacruz,19.12,72.85,14.0,MAHARASHTRA,25.86,17.8,59.7,1011.6,1009.9,False,NORMAL,DEMO_REPLAY
31,2026-09-17T14:35:00+00:00,43295099999,Bengaluru / HAL,12.95,77.67,888.0,KARNATAKA,26.16,18.06,59.5,1011.6,904.6,False,NORMAL,DEMO_REPLAY
31,2026-09-17T14:35:00+00:00,42809099999,Kolkata / Dum Dum,22.65,88.45,5.0,WEST BENGAL,19.54,18.54,91.6,1004.2,1003.6,True,POSSIBLE_GENUINE_EVENT,DEMO_REPLAY
31,2026-09-17T14:35:00+00:00,43279099999,Chennai / Meenambakkam,13.0,80.18,16.0,TAMIL NADU,26.76,18.58,59.1,1011.6,1009.7,False,NORMAL,DEMO_REPLAY
31,2026-09-17T14:35:00+00:00,42027099999,Srinagar AWS,34.08,74.8,1587.0,JAMMU AND KASHMIR,27.06,18.84,58.9,1011.6,820.4,False,NORMAL,DEMO_REPLAY
31,2026-09-17T14:35:00+00:00,42867099999,Nagpur / Sonegaon,21.1,79.05,310.0,MAHARASHTRA,20.44,19.44,91.0,1004.2,966.9,True,POSSIBLE_GENUINE_EVENT,DEMO_REPLAY
31,2026-09-17T14:35:00+00:00,42339099999,Jodhpur AWS,26.25,73.05,224.0,RAJASTHAN,20.74,19.74,90.8,1004.2,977.2,True,POSSIBLE_GENUINE_EVENT,DEMO_REPLAY
32,2026-09-17T14:40:00+00:00,42182099999,New Delhi / Safdarjung,28.585,77.206,215.0,DELHI,18.5,17.5,94.0,1003.2,977.3,True,POSSIBLE_GENUINE_EVENT,DEMO_REPLAY
32,2026-09-17T14:40:00+00:00,43003099999,Mumbai / Santacruz,19.12,72.85,14.0,MAHARASHTRA,26.3,18.06,58.8,1011.2,1009.6,False,NORMAL,DEMO_REPLAY
32,2026-09-17T14:40:00+00:00,43295099999,Bengaluru / HAL,12.95,77.67,888.0,KARNATAKA,26.6,18.32,58.6,1011.2,904.3,False,NORMAL,DEMO_REPLAY
32,2026-09-17T14:40:00+00:00,42809099999,Kolkata / Dum Dum,22.65,88.45,5.0,WEST BENGAL,19.4,18.4,93.4,1003.2,1002.6,True,POSSIBLE_GENUINE_EVENT,DEMO_REPLAY
32,2026-09-17T14:40:00+00:00,43279099999,Chennai / Meenambakkam,13.0,80.18,16.0,TAMIL NADU,27.2,18.84,58.2,1011.2,1009.3,False,NORMAL,DEMO_REPLAY
32,2026-09-17T14:40:00+00:00,42027099999,Srinagar AWS,34.08,74.8,1587.0,JAMMU AND KASHMIR,27.5,19.1,58.0,1011.2,820.0,False,NORMAL,DEMO_REPLAY
32,2026-09-17T14:40:00+00:00,42867099999,Nagpur / Sonegaon,21.1,79.05,310.0,MAHARASHTRA,20.3,19.3,92.8,1003.2,965.9,True,POSSIBLE_GENUINE_EVENT,DEMO_REPLAY
32,2026-09-17T14:40:00+00:00,42339099999,Jodhpur AWS,26.25,73.05,224.0,RAJASTHAN,20.6,19.6,92.6,1003.2,976.2,True,POSSIBLE_GENUINE_EVENT,DEMO_REPLAY
33,2026-09-17T14:45:00+00:00,42182099999,New Delhi / Safdarjung,28.585,77.206,215.0,DELHI,19.54,18.54,90.4,1003.5,977.6,True,POSSIBLE_GENUINE_EVENT,DEMO_REPLAY
33,2026-09-17T14:45:00+00:00,43003099999,Mumbai / Santacruz,19.12,72.85,14.0,MAHARASHTRA,26.77,18.35,57.9,1010.9,1009.3,False,NORMAL,DEMO_REPLAY
33,2026-09-17T14:45:00+00:00,43295099999,Bengaluru / HAL,12.95,77.67,888.0,KARNATAKA,27.07,18.61,57.7,1010.9,904.0,False,NORMAL,DEMO_REPLAY
33,2026-09-17T14:45:00+00:00,42809099999,Kolkata / Dum Dum,22.65,88.45,5.0,WEST BENGAL,20.44,19.44,89.8,1003.5,1002.9,True,POSSIBLE_GENUINE_EVENT,DEMO_REPLAY
33,2026-09-17T14:45:00+00:00,43279099999,Chennai / Meenambakkam,13.0,80.18,16.0,TAMIL NADU,27.67,19.13,57.3,1010.9,1009.0,False,NORMAL,DEMO_REPLAY
33,2026-09-17T14:45:00+00:00,42027099999,Srinagar AWS,34.08,74.8,1587.0,JAMMU AND KASHMIR,27.97,19.39,57.1,1010.9,819.7,False,NORMAL,DEMO_REPLAY
33,2026-09-17T14:45:00+00:00,42867099999,Nagpur / Sonegaon,21.1,79.05,310.0,MAHARASHTRA,21.34,20.34,89.2,1003.5,966.2,True,POSSIBLE_GENUINE_EVENT,DEMO_REPLAY
33,2026-09-17T14:45:00+00:00,42339099999,Jodhpur AWS,26.25,73.05,224.0,RAJASTHAN,21.64,20.64,89.0,1003.5,976.5,True,POSSIBLE_GENUINE_EVENT,DEMO_REPLAY
34,2026-09-17T14:50:00+00:00,42182099999,New Delhi / Safdarjung,28.585,77.206,215.0,DELHI,21.66,20.66,81.8,1005.0,979.1,True,POSSIBLE_GENUINE_EVENT,DEMO_REPLAY
34,2026-09-17T14:50:00+00:00,43003099999,Mumbai / Santacruz,19.12,72.85,14.0,MAHARASHTRA,27.26,18.64,56.9,1010.7,1009.0,False,NORMAL,DEMO_REPLAY
34,2026-09-17T14:50:00+00:00,43295099999,Bengaluru / HAL,12.95,77.67,888.0,KARNATAKA,27.56,18.9,56.7,1010.7,903.7,False,NORMAL,DEMO_REPLAY
34,2026-09-17T14:50:00+00:00,42809099999,Kolkata / Dum Dum,22.65,88.45,5.0,WEST BENGAL,22.56,21.56,81.2,1005.0,1004.4,True,POSSIBLE_GENUINE_EVENT,DEMO_REPLAY
34,2026-09-17T14:50:00+00:00,43279099999,Chennai / Meenambakkam,13.0,80.18,16.0,TAMIL NADU,28.16,19.42,56.3,1010.7,1008.8,False,NORMAL,DEMO_REPLAY
34,2026-09-17T14:50:00+00:00,42027099999,Srinagar AWS,34.08,74.8,1587.0,JAMMU AND KASHMIR,28.46,19.68,56.1,1010.7,819.5,False,NORMAL,DEMO_REPLAY
34,2026-09-17T14:50:00+00:00,42867099999,Nagpur / Sonegaon,21.1,79.05,310.0,MAHARASHTRA,23.46,22.46,80.6,1005.0,967.7,True,POSSIBLE_GENUINE_EVENT,DEMO_REPLAY
34,2026-09-17T14:50:00+00:00,42339099999,Jodhpur AWS,26.25,73.05,224.0,RAJASTHAN,23.76,22.76,80.4,1005.0,978.0,True,POSSIBLE_GENUINE_EVENT,DEMO_REPLAY
35,2026-09-17T14:55:00+00:00,42182099999,New Delhi / Safdarjung,28.585,77.206,215.0,DELHI,24.61,23.61,69.4,1007.5,981.6,True,POSSIBLE_GENUINE_EVENT,DEMO_REPLAY
35,2026-09-17T14:55:00+00:00,43003099999,Mumbai / Santacruz,19.12,72.85,14.0,MAHARASHTRA,27.78,18.94,55.8,1010.6,1008.9,False,NORMAL,DEMO_REPLAY
35,2026-09-17T14:55:00+00:00,43295099999,Bengaluru / HAL,12.95,77.67,888.0,KARNATAKA,28.08,19.2,55.6,1010.6,903.6,False,NORMAL,DEMO_REPLAY
35,2026-09-17T14:55:00+00:00,42809099999,Kolkata / Dum Dum,22.65,88.45,5.0,WEST BENGAL,25.51,24.51,68.8,1007.5,1006.9,True,POSSIBLE_GENUINE_EVENT,DEMO_REPLAY
35,2026-09-17T14:55:00+00:00,43279099999,Chennai / Meenambakkam,13.0,80.18,16.0,TAMIL NADU,28.68,19.72,55.2,1010.6,1008.6,False,NORMAL,DEMO_REPLAY
35,2026-09-17T14:55:00+00:00,42027099999,Srinagar AWS,34.08,74.8,1587.0,JAMMU AND KASHMIR,28.98,19.98,55.0,1010.6,819.3,False,NORMAL,DEMO_REPLAY
35,2026-09-17T14:55:00+00:00,42867099999,Nagpur / Sonegaon,21.1,79.05,310.0,MAHARASHTRA,26.41,25.41,68.2,1007.5,970.2,True,POSSIBLE_GENUINE_EVENT,DEMO_REPLAY
35,2026-09-17T14:55:00+00:00,42339099999,Jodhpur AWS,26.25,73.05,224.0,RAJASTHAN,26.71,25.71,68.0,1007.5,980.5,True,POSSIBLE_GENUINE_EVENT,DEMO_REPLAY
36,2026-09-17T15:00:00+00:00,42182099999,New Delhi / Safdarjung,28.585,77.206,215.0,DELHI,28.0,27.0,55.0,1010.5,984.6,True,POSSIBLE_GENUINE_EVENT,DEMO_REPLAY
36,2026-09-17T15:00:00+00:00,43003099999,Mumbai / Santacruz,19.12,72.85,14.0,MAHARASHTRA,28.3,19.26,54.8,1010.5,1008.8,False,NORMAL,DEMO_REPLAY
36,2026-09-17T15:00:00+00:00,43295099999,Bengaluru / HAL,12.95,77.67,888.0,KARNATAKA,28.6,19.52,54.6,1010.5,903.5,False,NORMAL,DEMO_REPLAY
36,2026-09-17T15:00:00+00:00,42809099999,Kolkata / Dum Dum,22.65,88.45,5.0,WEST BENGAL,28.9,27.9,54.4,1010.5,1009.9,True,POSSIBLE_GENUINE_EVENT,DEMO_REPLAY
36,2026-09-17T15:00:00+00:00,43279099999,Chennai / Meenambakkam,13.0,80.18,16.0,TAMIL NADU,29.2,20.04,54.2,1010.5,1008.6,False,NORMAL,DEMO_REPLAY
36,2026-09-17T15:00:00+00:00,42027099999,Srinagar AWS,34.08,74.8,1587.0,JAMMU AND KASHMIR,29.5,20.3,54.0,1010.5,819.3,False,NORMAL,DEMO_REPLAY
36,2026-09-17T15:00:00+00:00,42867099999,Nagpur / Sonegaon,21.1,79.05,310.0,MAHARASHTRA,29.8,28.8,53.8,1010.5,973.2,True,POSSIBLE_GENUINE_EVENT,DEMO_REPLAY
36,2026-09-17T15:00:00+00:00,42339099999,Jodhpur AWS,26.25,73.05,224.0,RAJASTHAN,30.1,29.1,53.6,1010.5,983.5,True,POSSIBLE_GENUINE_EVENT,DEMO_REPLAY
37,2026-09-17T15:05:00+00:00,42182099999,New Delhi / Safdarjung,28.585,77.206,215.0,DELHI,28.52,19.32,54.0,1010.6,984.6,False,NORMAL,DEMO_REPLAY
37,2026-09-17T15:05:00+00:00,43003099999,Mumbai / Santacruz,19.12,72.85,14.0,MAHARASHTRA,28.82,19.58,53.8,1010.6,1008.9,False,NORMAL,DEMO_REPLAY
37,2026-09-17T15:05:00+00:00,43295099999,Bengaluru / HAL,12.95,77.67,888.0,KARNATAKA,29.12,19.84,53.6,1010.6,903.6,False,NORMAL,DEMO_REPLAY
37,2026-09-17T15:05:00+00:00,42809099999,Kolkata / Dum Dum,22.65,88.45,5.0,WEST BENGAL,29.42,20.1,53.4,1010.6,1009.9,False,NORMAL,DEMO_REPLAY
37,2026-09-17T15:05:00+00:00,43279099999,Chennai / Meenambakkam,13.0,80.18,16.0,TAMIL NADU,29.72,20.36,53.2,1010.6,1008.6,False,NORMAL,DEMO_REPLAY
37,2026-09-17T15:05:00+00:00,42027099999,Srinagar AWS,34.08,74.8,1587.0,JAMMU AND KASHMIR,30.02,20.62,53.0,1010.6,819.3,False,NORMAL,DEMO_REPLAY
37,2026-09-17T15:05:00+00:00,42867099999,Nagpur / Sonegaon,21.1,79.05,310.0,MAHARASHTRA,30.32,20.88,52.8,1010.6,973.2,False,NORMAL,DEMO_REPLAY
37,2026-09-17T15:05:00+00:00,42339099999,Jodhpur AWS,26.25,73.05,224.0,RAJASTHAN,30.62,21.14,52.6,1010.6,983.6,False,NORMAL,DEMO_REPLAY
38,2026-09-17T15:10:00+00:00,42182099999,New Delhi / Safdarjung,28.585,77.206,215.0,DELHI,29.04,19.62,52.9,1010.7,984.8,False,NORMAL,DEMO_REPLAY
38,2026-09-17T15:10:00+00:00,43003099999,Mumbai / Santacruz,19.12,72.85,14.0,MAHARASHTRA,29.34,19.88,52.7,1010.7,1009.0,False,NORMAL,DEMO_REPLAY
38,2026-09-17T15:10:00+00:00,43295099999,Bengaluru / HAL,12.95,77.67,888.0,KARNATAKA,29.64,20.14,52.5,1010.7,903.7,False,NORMAL,DEMO_REPLAY
38,2026-09-17T15:10:00+00:00,42809099999,Kolkata / Dum Dum,22.65,88.45,5.0,WEST BENGAL,29.94,20.4,52.3,1010.7,1010.1,False,NORMAL,DEMO_REPLAY
38,2026-09-17T15:10:00+00:00,43279099999,Chennai / Meenambakkam,13.0,80.18,16.0,TAMIL NADU,30.24,20.66,52.1,1010.7,1008.8,False,NORMAL,DEMO_REPLAY
38,2026-09-17T15:10:00+00:00,42027099999,Srinagar AWS,34.08,74.8,1587.0,JAMMU AND KASHMIR,30.54,20.92,51.9,1010.7,819.5,False,NORMAL,DEMO_REPLAY
38,2026-09-17T15:10:00+00:00,42867099999,Nagpur / Sonegaon,21.1,79.05,310.0,MAHARASHTRA,30.84,21.18,51.7,1010.7,973.4,False,NORMAL,DEMO_REPLAY
38,2026-09-17T15:10:00+00:00,42339099999,Jodhpur AWS,26.25,73.05,224.0,RAJASTHAN,31.14,21.44,51.5,1010.7,983.7,False,NORMAL,DEMO_REPLAY
39,2026-09-17T15:15:00+00:00,42182099999,New Delhi / Safdarjung,28.585,77.206,215.0,DELHI,29.53,19.91,51.9,1010.9,985.0,False,NORMAL,DEMO_REPLAY
39,2026-09-17T15:15:00+00:00,43003099999,Mumbai / Santacruz,19.12,72.85,14.0,MAHARASHTRA,29.83,20.17,51.7,1010.9,1009.3,False,NORMAL,DEMO_REPLAY
39,2026-09-17T15:15:00+00:00,43295099999,Bengaluru / HAL,12.95,77.67,888.0,KARNATAKA,30.13,20.43,51.5,1010.9,904.0,False,NORMAL,DEMO_REPLAY
39,2026-09-17T15:15:00+00:00,42809099999,Kolkata / Dum Dum,22.65,88.45,5.0,WEST BENGAL,30.43,20.69,51.3,1010.9,1010.3,False,NORMAL,DEMO_REPLAY
39,2026-09-17T15:15:00+00:00,43279099999,Chennai / Meenambakkam,13.0,80.18,16.0,TAMIL NADU,30.73,20.95,51.1,1010.9,1009.0,False,NORMAL,DEMO_REPLAY
39,2026-09-17T15:15:00+00:00,42027099999,Srinagar AWS,34.08,74.8,1587.0,JAMMU AND KASHMIR,31.03,21.21,50.9,1010.9,819.7,False,NORMAL,DEMO_REPLAY
39,2026-09-17T15:15:00+00:00,42867099999,Nagpur / Sonegaon,21.1,79.05,310.0,MAHARASHTRA,31.33,21.47,50.7,1010.9,973.6,False,NORMAL,DEMO_REPLAY
39,2026-09-17T15:15:00+00:00,42339099999,Jodhpur AWS,26.25,73.05,224.0,RAJASTHAN,31.63,21.73,50.5,1010.9,984.0,False,NORMAL,DEMO_REPLAY
40,2026-09-17T15:20:00+00:00,42182099999,New Delhi / Safdarjung,28.585,77.206,215.0,DELHI,30.0,20.2,51.0,1011.2,985.3,False,NORMAL,DEMO_REPLAY
40,2026-09-17T15:20:00+00:00,43003099999,Mumbai / Santacruz,19.12,72.85,14.0,MAHARASHTRA,30.3,20.46,50.8,1011.2,1009.6,False,NORMAL,DEMO_REPLAY
40,2026-09-17T15:20:00+00:00,43295099999,Bengaluru / HAL,12.95,77.67,888.0,KARNATAKA,30.6,20.72,50.6,1011.2,904.3,False,NORMAL,DEMO_REPLAY
40,2026-09-17T15:20:00+00:00,42809099999,Kolkata / Dum Dum,22.65,88.45,5.0,WEST BENGAL,30.9,20.98,50.4,1011.2,1010.6,False,NORMAL,DEMO_REPLAY
40,2026-09-17T15:20:00+00:00,43279099999,Chennai / Meenambakkam,13.0,80.18,16.0,TAMIL NADU,31.2,21.24,50.2,1011.2,1009.3,False,NORMAL,DEMO_REPLAY
40,2026-09-17T15:20:00+00:00,42027099999,Srinagar AWS,34.08,74.8,1587.0,JAMMU AND KASHMIR,31.5,21.5,50.0,1011.2,820.0,False,NORMAL,DEMO_REPLAY
40,2026-09-17T15:20:00+00:00,42867099999,Nagpur / Sonegaon,21.1,79.05,310.0,MAHARASHTRA,31.8,21.76,49.8,1011.2,973.9,False,NORMAL,DEMO_REPLAY
40,2026-09-17T15:20:00+00:00,42339099999,Jodhpur AWS,26.25,73.05,224.0,RAJASTHAN,32.1,22.02,49.6,1011.2,984.3,False,NORMAL,DEMO_REPLAY
41,2026-09-17T15:25:00+00:00,42182099999,New Delhi / Safdarjung,28.585,77.206,215.0,DELHI,30.44,20.46,50.1,1011.6,985.7,False,NORMAL,DEMO_REPLAY
41,2026-09-17T15:25:00+00:00,43003099999,Mumbai / Santacruz,19.12,72.85,14.0,MAHARASHTRA,30.74,20.72,49.9,1011.6,1009.9,False,NORMAL,DEMO_REPLAY
41,2026-09-17T15:25:00+00:00,43295099999,Bengaluru / HAL,12.95,77.67,888.0,KARNATAKA,31.04,20.98,49.7,1011.6,904.6,False,NORMAL,DEMO_REPLAY
41,2026-09-17T15:25:00+00:00,42809099999,Kolkata / Dum Dum,22.65,88.45,5.0,WEST BENGAL,31.34,21.24,49.5,1011.6,1011.0,False,NORMAL,DEMO_REPLAY
41,2026-09-17T15:25:00+00:00,43279099999,Chennai / Meenambakkam,13.0,80.18,16.0,TAMIL NADU,31.64,21.5,49.3,1011.6,1009.7,False,NORMAL,DEMO_REPLAY
41,2026-09-17T15:25:00+00:00,42027099999,Srinagar AWS,34.08,74.8,1587.0,JAMMU AND KASHMIR,31.94,21.76,49.1,1011.6,820.4,False,NORMAL,DEMO_REPLAY
41,2026-09-17T15:25:00+00:00,42867099999,Nagpur / Sonegaon,21.1,79.05,310.0,MAHARASHTRA,32.24,22.02,48.9,1011.6,974.3,False,NORMAL,DEMO_REPLAY
41,2026-09-17T15:25:00+00:00,42339099999,Jodhpur AWS,26.25,73.05,224.0,RAJASTHAN,32.54,22.28,48.7,1011.6,984.6,False,NORMAL,DEMO_REPLAY
42,2026-09-17T15:30:00+00:00,42182099999,New Delhi / Safdarjung,28.585,77.206,215.0,DELHI,30.83,20.69,49.3,1012.0,986.1,False,NORMAL,DEMO_REPLAY
42,2026-09-17T15:30:00+00:00,43003099999,Mumbai / Santacruz,19.12,72.85,14.0,MAHARASHTRA,31.13,20.95,49.1,1012.0,1010.3,False,NORMAL,DEMO_REPLAY
42,2026-09-17T15:30:00+00:00,43295099999,Bengaluru / HAL,12.95,77.67,888.0,KARNATAKA,31.43,21.21,48.9,1012.0,905.0,False,NORMAL,DEMO_REPLAY
42,2026-09-17T15:30:00+00:00,42809099999,Kolkata / Dum Dum,22.65,88.45,5.0,WEST BENGAL,31.73,21.47,48.7,1012.0,1011.4,False,NORMAL,DEMO_REPLAY
42,2026-09-17T15:30:00+00:00,43279099999,Chennai / Meenambakkam,13.0,80.18,16.0,TAMIL NADU,32.03,21.73,48.5,1012.0,1010.1,False,NORMAL,DEMO_REPLAY
42,2026-09-17T15:30:00+00:00,42027099999,Srinagar AWS,34.08,74.8,1587.0,JAMMU AND KASHMIR,32.33,21.99,48.3,1012.0,820.8,False,NORMAL,DEMO_REPLAY
42,2026-09-17T15:30:00+00:00,42867099999,Nagpur / Sonegaon,21.1,79.05,310.0,MAHARASHTRA,32.63,22.25,48.1,1012.0,974.7,False,NORMAL,DEMO_REPLAY
42,2026-09-17T15:30:00+00:00,42339099999,Jodhpur AWS,26.25,73.05,224.0,RAJASTHAN,32.93,22.51,47.9,1012.0,985.0,False,NORMAL,DEMO_REPLAY
43,2026-09-17T15:35:00+00:00,42182099999,New Delhi / Safdarjung,28.585,77.206,215.0,DELHI,31.17,20.91,48.7,1012.4,986.5,False,NORMAL,DEMO_REPLAY
43,2026-09-17T15:35:00+00:00,43003099999,Mumbai / Santacruz,19.12,72.85,14.0,MAHARASHTRA,31.47,21.17,48.5,1012.4,1010.7,False,NORMAL,DEMO_REPLAY
43,2026-09-17T15:35:00+00:00,43295099999,Bengaluru / HAL,12.95,77.67,888.0,KARNATAKA,31.77,21.43,48.3,1012.4,905.4,False,NORMAL,DEMO_REPLAY
43,2026-09-17T15:35:00+00:00,42809099999,Kolkata / Dum Dum,22.65,88.45,5.0,WEST BENGAL,32.07,21.69,48.1,1012.4,1011.8,False,NORMAL,DEMO_REPLAY
43,2026-09-17T15:35:00+00:00,43279099999,Chennai / Meenambakkam,13.0,80.18,16.0,TAMIL NADU,32.37,21.95,47.9,1012.4,1010.5,False,NORMAL,DEMO_REPLAY
43,2026-09-17T15:35:00+00:00,42027099999,Srinagar AWS,34.08,74.8,1587.0,JAMMU AND KASHMIR,32.67,22.21,47.7,1012.4,821.2,False,NORMAL,DEMO_REPLAY
43,2026-09-17T15:35:00+00:00,42867099999,Nagpur / Sonegaon,21.1,79.05,310.0,MAHARASHTRA,32.97,22.47,47.5,1012.4,975.0,False,NORMAL,DEMO_REPLAY
43,2026-09-17T15:35:00+00:00,42339099999,Jodhpur AWS,26.25,73.05,224.0,RAJASTHAN,33.27,22.73,47.3,1012.4,985.4,False,NORMAL,DEMO_REPLAY
44,2026-09-17T15:40:00+00:00,42182099999,New Delhi / Safdarjung,28.585,77.206,215.0,DELHI,31.46,21.08,48.1,1012.8,986.8,False,NORMAL,DEMO_REPLAY
44,2026-09-17T15:40:00+00:00,43003099999,Mumbai / Santacruz,19.12,72.85,14.0,MAHARASHTRA,31.76,21.34,47.9,1012.8,1011.1,False,NORMAL,DEMO_REPLAY
44,2026-09-17T15:40:00+00:00,43295099999,Bengaluru / HAL,12.95,77.67,888.0,KARNATAKA,32.06,21.6,47.7,1012.8,905.8,False,NORMAL,DEMO_REPLAY
44,2026-09-17T15:40:00+00:00,42809099999,Kolkata / Dum Dum,22.65,88.45,5.0,WEST BENGAL,32.36,21.86,47.5,1012.8,1012.1,False,NORMAL,DEMO_REPLAY
44,2026-09-17T15:40:00+00:00,43279099999,Chennai / Meenambakkam,13.0,80.18,16.0,TAMIL NADU,32.66,22.12,47.3,1012.8,1010.8,False,NORMAL,DEMO_REPLAY
44,2026-09-17T15:40:00+00:00,42027099999,Srinagar AWS,34.08,74.8,1587.0,JAMMU AND KASHMIR,32.96,22.38,47.1,1012.8,821.5,False,NORMAL,DEMO_REPLAY
44,2026-09-17T15:40:00+00:00,42867099999,Nagpur / Sonegaon,21.1,79.05,310.0,MAHARASHTRA,33.26,22.64,46.9,1012.8,975.4,False,NORMAL,DEMO_REPLAY
44,2026-09-17T15:40:00+00:00,42339099999,Jodhpur AWS,26.25,73.05,224.0,RAJASTHAN,33.56,22.9,46.7,1012.8,985.8,False,NORMAL,DEMO_REPLAY
45,2026-09-17T15:45:00+00:00,42182099999,New Delhi / Safdarjung,28.585,77.206,215.0,DELHI,31.7,21.22,47.6,1013.1,987.2,False,NORMAL,DEMO_REPLAY
45,2026-09-17T15:45:00+00:00,43003099999,Mumbai / Santacruz,19.12,72.85,14.0,MAHARASHTRA,32.0,21.48,47.4,1013.1,1011.4,False,NORMAL,DEMO_REPLAY
45,2026-09-17T15:45:00+00:00,43295099999,Bengaluru / HAL,12.95,77.67,888.0,KARNATAKA,32.3,21.74,47.2,1013.1,906.1,False,NORMAL,DEMO_REPLAY
45,2026-09-17T15:45:00+00:00,42809099999,Kolkata / Dum Dum,22.65,88.45,5.0,WEST BENGAL,32.6,22.0,47.0,1013.1,1012.5,False,NORMAL,DEMO_REPLAY
45,2026-09-17T15:45:00+00:00,43279099999,Chennai / Meenambakkam,13.0,80.18,16.0,TAMIL NADU,32.9,22.26,46.8,1013.1,1011.1,False,NORMAL,DEMO_REPLAY
45,2026-09-17T15:45:00+00:00,42027099999,Srinagar AWS,34.08,74.8,1587.0,JAMMU AND KASHMIR,33.2,22.52,46.6,1013.1,821.9,False,NORMAL,DEMO_REPLAY
45,2026-09-17T15:45:00+00:00,42867099999,Nagpur / Sonegaon,21.1,79.05,310.0,MAHARASHTRA,33.5,22.78,46.4,1013.1,975.7,False,NORMAL,DEMO_REPLAY
45,2026-09-17T15:45:00+00:00,42339099999,Jodhpur AWS,26.25,73.05,224.0,RAJASTHAN,33.8,23.04,46.2,1013.1,986.1,False,NORMAL,DEMO_REPLAY
46,2026-09-17T15:50:00+00:00,42182099999,New Delhi / Safdarjung,28.585,77.206,215.0,DELHI,31.86,21.32,47.3,1013.3,987.4,False,NORMAL,DEMO_REPLAY
46,2026-09-17T15:50:00+00:00,43003099999,Mumbai / Santacruz,19.12,72.85,14.0,MAHARASHTRA,32.16,21.58,47.1,1013.3,1011.6,False,NORMAL,DEMO_REPLAY
46,2026-09-17T15:50:00+00:00,43295099999,Bengaluru / HAL,12.95,77.67,888.0,KARNATAKA,32.46,21.84,46.9,1013.3,906.3,False,NORMAL,DEMO_REPLAY
46,2026-09-17T15:50:00+00:00,42809099999,Kolkata / Dum Dum,22.65,88.45,5.0,WEST BENGAL,32.76,22.1,46.7,1013.3,1012.7,False,NORMAL,DEMO_REPLAY
46,2026-09-17T15:50:00+00:00,43279099999,Chennai / Meenambakkam,13.0,80.18,16.0,TAMIL NADU,33.06,22.36,46.5,1013.3,1011.4,False,NORMAL,DEMO_REPLAY
46,2026-09-17T15:50:00+00:00,42027099999,Srinagar AWS,34.08,74.8,1587.0,JAMMU AND KASHMIR,33.36,22.62,46.3,1013.3,822.1,False,NORMAL,DEMO_REPLAY
46,2026-09-17T15:50:00+00:00,42867099999,Nagpur / Sonegaon,21.1,79.05,310.0,MAHARASHTRA,33.66,22.88,46.1,1013.3,975.9,False,NORMAL,DEMO_REPLAY
46,2026-09-17T15:50:00+00:00,42339099999,Jodhpur AWS,26.25,73.05,224.0,RAJASTHAN,33.96,23.14,45.9,1013.3,986.3,False,NORMAL,DEMO_REPLAY
47,2026-09-17T15:55:00+00:00,42182099999,New Delhi / Safdarjung,28.585,77.206,215.0,DELHI,31.97,21.39,47.1,1013.4,987.5,False,NORMAL,DEMO_REPLAY
47,2026-09-17T15:55:00+00:00,43003099999,Mumbai / Santacruz,19.12,72.85,14.0,MAHARASHTRA,32.27,21.65,46.9,1013.4,1011.8,False,NORMAL,DEMO_REPLAY
47,2026-09-17T15:55:00+00:00,43295099999,Bengaluru / HAL,12.95,77.67,888.0,KARNATAKA,32.57,21.91,46.7,1013.4,906.5,False,NORMAL,DEMO_REPLAY
47,2026-09-17T15:55:00+00:00,42809099999,Kolkata / Dum Dum,22.65,88.45,5.0,WEST BENGAL,32.87,22.17,46.5,1013.4,1012.8,False,NORMAL,DEMO_REPLAY
47,2026-09-17T15:55:00+00:00,43279099999,Chennai / Meenambakkam,13.0,80.18,16.0,TAMIL NADU,33.17,22.43,46.3,1013.4,1011.5,False,NORMAL,DEMO_REPLAY
47,2026-09-17T15:55:00+00:00,42027099999,Srinagar AWS,34.08,74.8,1587.0,JAMMU AND KASHMIR,33.47,22.69,46.1,1013.4,822.2,False,NORMAL,DEMO_REPLAY
47,2026-09-17T15:55:00+00:00,42867099999,Nagpur / Sonegaon,21.1,79.05,310.0,MAHARASHTRA,33.77,22.95,45.9,1013.4,976.1,False,NORMAL,DEMO_REPLAY
47,2026-09-17T15:55:00+00:00,42339099999,Jodhpur AWS,26.25,73.05,224.0,RAJASTHAN,34.07,23.21,45.7,1013.4,986.5,False,NORMAL,DEMO_REPLAY
