station_id,station_name,timestamp,latitude,longitude,elevation_m,temperature_c,dew_point_c,sea_level_pressure_hpa,station_pressure_hpa,relative_humidity_pct,relative_humidity_source,source,report_type,data_quality_status,raw_quality_flags,is_synthetic,ingestion_timestamp,hour,minute,day_of_year,month,day_of_week,sin_hour,cos_hour,sin_day_of_year,cos_day_of_year,sin_day_of_week,cos_day_of_week,temperature_c_lag_1,temperature_c_lag_2,temperature_c_lag_3,relative_humidity_pct_lag_1,relative_humidity_pct_lag_2,relative_humidity_pct_lag_3,sea_level_pressure_hpa_lag_1,sea_level_pressure_hpa_lag_2,sea_level_pressure_hpa_lag_3,station_pressure_hpa_lag_1,station_pressure_hpa_lag_2,station_pressure_hpa_lag_3,temperature_c_rolling_mean_15m,temperature_c_rolling_std_15m,temperature_c_rolling_min_15m,temperature_c_rolling_max_15m,temperature_c_rolling_count_15m,temperature_c_rolling_mean_30m,temperature_c_rolling_std_30m,temperature_c_rolling_min_30m,temperature_c_rolling_max_30m,temperature_c_rolling_count_30m,temperature_c_rolling_mean_1h,temperature_c_rolling_std_1h,temperature_c_rolling_min_1h,temperature_c_rolling_max_1h,temperature_c_rolling_count_1h,temperature_c_rolling_mean_3h,temperature_c_rolling_std_3h,temperature_c_rolling_min_3h,temperature_c_rolling_max_3h,temperature_c_rolling_count_3h,temperature_c_rolling_mean_6h,temperature_c_rolling_std_6h,temperature_c_rolling_min_6h,temperature_c_rolling_max_6h,temperature_c_rolling_count_6h,temperature_c_rolling_mean_24h,temperature_c_rolling_std_24h,temperature_c_rolling_min_24h,temperature_c_rolling_max_24h,temperature_c_rolling_count_24h,relative_humidity_pct_rolling_mean_15m,relative_humidity_pct_rolling_std_15m,relative_humidity_pct_rolling_min_15m,relative_humidity_pct_rolling_max_15m,relative_humidity_pct_rolling_count_15m,relative_humidity_pct_rolling_mean_30m,relative_humidity_pct_rolling_std_30m,relative_humidity_pct_rolling_min_30m,relative_humidity_pct_rolling_max_30m,relative_humidity_pct_rolling_count_30m,relative_humidity_pct_rolling_mean_1h,relative_humidity_pct_rolling_std_1h,relative_humidity_pct_rolling_min_1h,relative_humidity_pct_rolling_max_1h,relative_humidity_pct_rolling_count_1h,relative_humidity_pct_rolling_mean_3h,relative_humidity_pct_rolling_std_3h,relative_humidity_pct_rolling_min_3h,relative_humidity_pct_rolling_max_3h,relative_humidity_pct_rolling_count_3h,relative_humidity_pct_rolling_mean_6h,relative_humidity_pct_rolling_std_6h,relative_humidity_pct_rolling_min_6h,relative_humidity_pct_rolling_max_6h,relative_humidity_pct_rolling_count_6h,relative_humidity_pct_rolling_mean_24h,relative_humidity_pct_rolling_std_24h,relative_humidity_pct_rolling_min_24h,relative_humidity_pct_rolling_max_24h,relative_humidity_pct_rolling_count_24h,sea_level_pressure_hpa_rolling_mean_15m,sea_level_pressure_hpa_rolling_std_15m,sea_level_pressure_hpa_rolling_min_15m,sea_level_pressure_hpa_rolling_max_15m,sea_level_pressure_hpa_rolling_count_15m,sea_level_pressure_hpa_rolling_mean_30m,sea_level_pressure_hpa_rolling_std_30m,sea_level_pressure_hpa_rolling_min_30m,sea_level_pressure_hpa_rolling_max_30m,sea_level_pressure_hpa_rolling_count_30m,sea_level_pressure_hpa_rolling_mean_1h,sea_level_pressure_hpa_rolling_std_1h,sea_level_pressure_hpa_rolling_min_1h,sea_level_pressure_hpa_rolling_max_1h,sea_level_pressure_hpa_rolling_count_1h,sea_level_pressure_hpa_rolling_mean_3h,sea_level_pressure_hpa_rolling_std_3h,sea_level_pressure_hpa_rolling_min_3h,sea_level_pressure_hpa_rolling_max_3h,sea_level_pressure_hpa_rolling_count_3h,sea_level_pressure_hpa_rolling_mean_6h,sea_level_pressure_hpa_rolling_std_6h,sea_level_pressure_hpa_rolling_min_6h,sea_level_pressure_hpa_rolling_max_6h,sea_level_pressure_hpa_rolling_count_6h,sea_level_pressure_hpa_rolling_mean_24h,sea_level_pressure_hpa_rolling_std_24h,sea_level_pressure_hpa_rolling_min_24h,sea_level_pressure_hpa_rolling_max_24h,sea_level_pressure_hpa_rolling_count_24h,station_pressure_hpa_rolling_mean_15m,station_pressure_hpa_rolling_std_15m,station_pressure_hpa_rolling_min_15m,station_pressure_hpa_rolling_max_15m,station_pressure_hpa_rolling_count_15m,station_pressure_hpa_rolling_mean_30m,station_pressure_hpa_rolling_std_30m,station_pressure_hpa_rolling_min_30m,station_pressure_hpa_rolling_max_30m,station_pressure_hpa_rolling_count_30m,station_pressure_hpa_rolling_mean_1h,station_pressure_hpa_rolling_std_1h,station_pressure_hpa_rolling_min_1h,station_pressure_hpa_rolling_max_1h,station_pressure_hpa_rolling_count_1h,station_pressure_hpa_rolling_mean_3h,station_pressure_hpa_rolling_std_3h,station_pressure_hpa_rolling_min_3h,station_pressure_hpa_rolling_max_3h,station_pressure_hpa_rolling_count_3h,station_pressure_hpa_rolling_mean_6h,station_pressure_hpa_rolling_std_6h,station_pressure_hpa_rolling_min_6h,station_pressure_hpa_rolling_max_6h,station_pressure_hpa_rolling_count_6h,station_pressure_hpa_rolling_mean_24h,station_pressure_hpa_rolling_std_24h,station_pressure_hpa_rolling_min_24h,station_pressure_hpa_rolling_max_24h,station_pressure_hpa_rolling_count_24h,elapsed_minutes,temperature_c_delta,temperature_c_rate_per_minute,temperature_c_rate_per_5min,temperature_c_rate_per_hour,temperature_c_acceleration,relative_humidity_pct_delta,relative_humidity_pct_rate_per_minute,relative_humidity_pct_rate_per_5min,relative_humidity_pct_rate_per_hour,relative_humidity_pct_acceleration,sea_level_pressure_hpa_delta,sea_level_pressure_hpa_rate_per_minute,sea_level_pressure_hpa_rate_per_5min,sea_level_pressure_hpa_rate_per_hour,sea_level_pressure_hpa_acceleration,station_pressure_hpa_delta,station_pressure_hpa_rate_per_minute,station_pressure_hpa_rate_per_5min,station_pressure_hpa_rate_per_hour,station_pressure_hpa_acceleration,temperature_c_consecutive_unchanged_count,temperature_c_duration_unchanged_minutes,temperature_c_rounded_unchanged_count,relative_humidity_pct_consecutive_unchanged_count,relative_humidity_pct_duration_unchanged_minutes,relative_humidity_pct_rounded_unchanged_count,sea_level_pressure_hpa_consecutive_unchanged_count,sea_level_pressure_hpa_duration_unchanged_minutes,sea_level_pressure_hpa_rounded_unchanged_count,temperature_c_deviation_from_mean_1h,temperature_c_pct_deviation_1h,temperature_c_zscore_1h,relative_humidity_pct_deviation_from_mean_1h,relative_humidity_pct_pct_deviation_1h,relative_humidity_pct_zscore_1h,sea_level_pressure_hpa_deviation_from_mean_1h,sea_level_pressure_hpa_pct_deviation_1h,sea_level_pressure_hpa_zscore_1h,dew_point_spread_c,temp_rh_delta_interaction,joint_temp_rh_divergence,temp_slp_delta_interaction,joint_standardized_anomaly_magnitude,spatial_neighbor_count,spatial_nearest_neighbor_dist_km,spatial_neighbor_temp_mean,spatial_neighbor_temp_median,spatial_neighbor_temp_std,spatial_temp_delta_from_neighbor_mean,spatial_neighbor_rh_mean,spatial_neighbor_rh_median,spatial_neighbor_rh_std,spatial_rh_delta_from_neighbor_mean,spatial_neighbor_slp_mean,spatial_neighbor_slp_median,spatial_neighbor_slp_std,spatial_slp_delta_from_neighbor_mean
42182099999,"SAFDARJUNG, IN",2024-01-01 00:00:00+00:00,28.584511,77.205783,214.88,10.8,10.0,1018.9,,94.8,derived_from_temperature_and_dew_point,NOAA_ISD,FM-12,VALID,"{'TMP_QC': '1', 'DEW_QC': '1', 'SLP_QC': '1', 'RECORD_QC': 'V020'}",False,2026-09-16T17:43:55.392937+00:00,0,0,1,1,0,0.0,1.0,0.0,1.0,0.0,1.0,,,,,,,,,,,,,10.8,0.0,10.8,10.8,1.0,10.8,0.0,10.8,10.8,1.0,10.8,0.0,10.8,10.8,1.0,10.8,0.0,10.8,10.8,1.0,10.8,0.0,10.8,10.8,1.0,10.8,0.0,10.8,10.8,1.0,94.8,0.0,94.8,94.8,1.0,94.8,0.0,94.8,94.8,1.0,94.8,0.0,94.8,94.8,1.0,94.8,0.0,94.8,94.8,1.0,94.8,0.0,94.8,94.8,1.0,94.8,0.0,94.8,94.8,1.0,1018.9,0.0,1018.9,1018.9,1.0,1018.9,0.0,1018.9,1018.9,1.0,1018.9,0.0,1018.9,1018.9,1.0,1018.9,0.0,1018.9,1018.9,1.0,1018.9,0.0,1018.9,1018.9,1.0,1018.9,0.0,1018.9,1018.9,1.0,,0.0,,,0.0,,0.0,,,0.0,,0.0,,,0.0,,0.0,,,0.0,,0.0,,,0.0,,0.0,,,0.0,,,,,,,,,,,,,,,,,,,,,,1,0.0,1,1,0.0,1,1,0.0,1,0.0,0.0,,0.0,0.0,,0.0,0.0,,0.8000000000000007,,,,0.0,0.0,,,,,,,,,,,,,
42182099999,"SAFDARJUNG, IN",2024-01-01 06:00:00+00:00,28.584511,77.205783,214.88,13.4,10.3,1020.6,,81.51,derived_from_temperature_and_dew_point,NOAA_ISD,FM-12,VALID,"{'TMP_QC': '1', 'DEW_QC': '1', 'SLP_QC': '1', 'RECORD_QC': 'V020'}",False,2026-09-16T17:43:55.393235+00:00,6,0,1,1,0,1.0,6.123233995736766e-17,0.0,1.0,0.0,1.0,10.8,,,94.8,,,1018.9,,,,,,13.4,0.0,13.4,13.4,1.0,13.4,0.0,13.4,13.4,1.0,13.4,0.0,13.4,13.4,1.0,13.4,0.0,13.4,13.4,1.0,13.4,0.0,13.4,13.4,1.0,12.100000000000001,1.8384776310850226,10.8,13.4,2.0,81.51,0.0,81.51,81.51,1.0,81.51,0.0,81.51,81.51,1.0,81.51,0.0,81.51,81.51,1.0,81.51,0.0,81.51,81.51,1.0,81.51,0.0,81.51,81.51,1.0,88.155,9.397449121969212,81.51,94.8,2.0,1020.6,0.0,1020.6,1020.6,1.0,1020.6,0.0,1020.6,1020.6,1.0,1020.6,0.0,1020.6,1020.6,1.0,1020.6,0.0,1020.6,1020.6,1.0,1020.6,0.0,1020.6,1020.6,1.0,1019.75,1.202081528017163,1018.9,1020.6,2.0,,0.0,,,0.0,,0.0,,,0.0,,0.0,,,0.0,,0.0,,,0.0,,0.0,,,0.0,,0.0,,,0.0,360.0,2.5999999999999996,0.007222222222222221,0.03611111111111111,0.43333333333333324,,-13.289999999999992,-0.036916666666666646,-0.18458333333333324,-2.214999999999999,,1.7000000000000455,0.004722222222222349,0.023611111111111745,0.28333333333334093,,,,,,,1,0.0,1,1,0.0,1,1,0.0,1,0.0,0.0,,0.0,0.0,,0.0,0.0,,3.0999999999999996,-34.553999999999974,,4.420000000000118,0.0,0.0,,,,,,,,,,,,,
42182099999,"SAFDARJUNG, IN",2024-01-01 09:00:00+00:00,28.584511,77.205783,214.88,16.6,8.9,1017.1,,60.4,derived_from_temperature_and_dew_point,NOAA_ISD,FM-12,VALID,"{'TMP_QC': '1', 'DEW_QC': '1', 'SLP_QC': '1', 'RECORD_QC': 'V020'}",False,2026-09-16T17:43:55.393431+00:00,9,0,1,1,0,0.7071067811865476,-0.7071067811865475,0.0,1.0,0.0,1.0,13.4,10.8,,81.51,94.8,,1020.6,1018.9,,,,,16.6,0.0,16.6,16.6,1.0,16.6,0.0,16.6,16.6,1.0,16.6,0.0,16.6,16.6,1.0,16.6,0.0,16.6,16.6,1.0,15.0,2.2627416997969534,13.4,16.6,2.0,13.600000000000001,2.9051678092667896,10.8,16.6,3.0,60.4,0.0,60.4,60.4,1.0,60.4,0.0,60.4,60.4,1.0,60.4,0.0,60.4,60.4,1.0,60.4,0.0,60.4,60.4,1.0,70.955,14.927024150848021,60.4,81.51,2.0,78.90333333333334,17.34750798625939,60.4,94.8,3.0,1017.1,0.0,1017.1,1017.1,1.0,1017.1,0.0,1017.1,1017.1,1.0,1017.1,0.0,1017.1,1017.1,1.0,1017.1,0.0,1017.1,1017.1,1.0,1018.85,2.4748737341529163,1017.1,1020.6,2.0,1018.8666666666667,1.7502380790433432,1017.1,1020.6,3.0,,0.0,,,0.0,,0.0,,,0.0,,0.0,,,0.0,,0.0,,,0.0,,0.0,,,0.0,,0.0,,,0.0,180.0,3.200000000000001,0.017777777777777785,0.08888888888888892,1.066666666666667,0.6000000000000014,-21.110000000000007,-0.11727777777777781,-0.5863888888888891,-7.036666666666669,-7.8200000000000145,-3.5,-0.019444444444444445,-0.09722222222222222,-1.1666666666666667,-5.2000000000000455,,,,,,1,0.0,1,1,0.0,1,1,0.0,1,0.0,0.0,,0.0,0.0,,0.0,0.0,,7.700000000000001,-67.55200000000005,,-11.200000000000003,0.0,0.0,,,,,,,,,,,,,
42182099999,"SAFDARJUNG, IN",2024-01-01 12:00:00+00:00,28.584511,77.205783,214.88,12.6,8.6,1017.4,,76.62,derived_from_temperature_and_dew_point,NOAA_ISD,FM-12,VALID,"{'TMP_QC': '1', 'DEW_QC': '1', 'SLP_QC': '1', 'RECORD_QC': 'V020'}",False,2026-09-16T17:43:55.393603+00:00,12,0,1,1,0,1.2246467991473532e-16,-1.0,0.0,1.0,0.0,1.0,16.6,13.4,10.8,60.4,81.51,94.8,1017.1,1020.6,1018.9,,,,12.6,0.0,12.6,12.6,1.0,12.6,0.0,12.6,12.6,1.0,12.6,0.0,12.6,12.6,1.0,12.6,0.0,12.6,12.6,1.0,14.600000000000001,2.828427124746192,12.6,16.6,2.0,13.350000000000001,2.424183711410228,10.8,16.6,4.0,76.62,0.0,76.62,76.62,1.0,76.62,0.0,76.62,76.62,1.0,76.62,0.0,76.62,76.62,1.0,76.62,0.0,76.62,76.62,1.0,68.50999999999999,11.469271990845803,60.4,76.62,2.0,78.33250000000001,14.21011699459227,60.4,94.8,4.0,1017.4,0.0,1017.4,1017.4,1.0,1017.4,0.0,1017.4,1017.4,1.0,1017.4,0.0,1017.4,1017.4,1.0,1017.4,0.0,1017.4,1017.4,1.0,1017.25,0.2121320343559321,1017.1,1017.4,2.0,1018.5,1.6062378404209077,1017.1,1020.6,4.0,,0.0,,,0.0,,0.0,,,0.0,,0.0,,,0.0,,0.0,,,0.0,,0.0,,,0.0,,0.0,,,0.0,180.0,-4.000000000000002,-0.022222222222222233,-0.11111111111111116,-1.333333333333334,-7.200000000000003,16.220000000000006,0.09011111111111114,0.4505555555555557,5.406666666666668,37.33000000000001,0.2999999999999545,0.001666666666666414,0.00833333333333207,0.09999999999998484,3.7999999999999545,,,,,,1,0.0,1,1,0.0,1,1,0.0,1,0.0,0.0,,0.0,0.0,,0.0,0.0,,4.0,-64.88000000000005,,-1.1999999999998185,0.0,0.0,,,,,,,,,,,,,
42182099999,"SAFDARJUNG, IN",2024-01-01 15:00:00+00:00,28.584511,77.205783,214.88,11.2,8.8,1018.6,,85.17,derived_from_temperature_and_dew_point,NOAA_ISD,FM-12,VALID,"{'TMP_QC': '1', 'DEW_QC': '1', 'SLP_QC': '1', 'RECORD_QC': 'V020'}",False,2026-09-16T17:43:55.393779+00:00,15,0,1,1,0,-0.7071067811865471,-0.7071067811865479,0.0,1.0,0.0,1.0,12.6,16.6,13.4,76.62,60.4,81.51,1017.4,1017.1,1020.6,,,,11.2,0.0,11.2,11.2,1.0,11.2,0.0,11.2,11.2,1.0,11.2,0.0,11.2,11.2,1.0,11.2,0.0,11.2,11.2,1.0,11.899999999999999,0.9899494936611661,11.2,12.6,2.0,12.920000000000002,2.309112383579457,10.8,16.6,5.0,85.17,0.0,85.17,85.17,1.0,85.17,0.0,85.17,85.17,1.0,85.17,0.0,85.17,85.17,1.0,85.17,0.0,85.17,85.17,1.0,80.895,6.045762979144975,76.62,85.17,2.0,79.7,12.680530351684823,60.4,94.8,5.0,1018.6,0.0,1018.6,1018.6,1.0,1018.6,0.0,1018.6,1018.6,1.0,1018.6,0.0,1018.6,1018.6,1.0,1018.6,0.0,1018.6,1018.6,1.0,1018.0,0.8485281374238892,1017.4,1018.6,2.0,1018.5200000000001,1.3917614738165507,1017.1,1020.6,5.0,,0.0,,,0.0,,0.0,,,0.0,,0.0,,,0.0,,0.0,,,0.0,,0.0,,,0.0,,0.0,,,0.0,180.0,-1.4000000000000004,-0.00777777777777778,-0.0388888888888889,-0.4666666666666668,2.6000000000000014,8.549999999999997,0.04749999999999999,0.23749999999999993,2.849999999999999,-7.670000000000009,1.2000000000000455,0.0066666666666669195,0.033333333333334596,0.4000000000000152,0.900000000000091,,,,,,1,0.0,1,1,0.0,1,1,0.0,1,0.0,0.0,,0.0,0.0,,0.0,0.0,,2.3999999999999986,-11.969999999999999,,-1.680000000000064,0.0,0.0,,,,,,,,,,,,,
42182099999,"SAFDARJUNG, IN",2024-01-01 18:00:00+00:00,28.584511,77.205783,214.88,10.4,8.8,1019.4,,89.82,derived_from_temperature_and_dew_point,NOAA_ISD,FM-12,VALID,"{'TMP_QC': '1', 'DEW_QC': '1', 'SLP_QC': '1', 'RECORD_QC': 'V020'}",False,2026-09-16T17:43:55.393945+00:00,18,0,1,1,0,-1.0,-1.8369701987210297e-16,0.0,1.0,0.0,1.0,11.2,12.6,16.6,85.17,76.62,60.4,1018.6,1017.4,1017.1,,,,10.4,0.0,10.4,10.4,1.0,10.4,0.0,10.4,10.4,1.0,10.4,0.0,10.4,10.4,1.0,10.4,0.0,10.4,10.4,1.0,10.8,0.5656854249492379,10.4,11.2,2.0,12.5,2.307379465974334,10.4,16.6,6.0,89.82,0.0,89.82,89.82,1.0,89.82,0.0,89.82,89.82,1.0,89.82,0.0,89.82,89.82,1.0,89.82,0.0,89.82,89.82,1.0,87.49499999999999,3.2880465325174346,85.17,89.82,2.0,81.38666666666667,12.070863542707565,60.4,94.8,6.0,1019.4,0.0,1019.4,1019.4,1.0,1019.4,0.0,1019.4,1019.4,1.0,1019.4,0.0,1019.4,1019.4,1.0,1019.4,0.0,1019.4,1019.4,1.0,1019.0,0.5656854249492059,1018.6,1019.4,2.0,1018.6666666666666,1.2956336930887073,1017.1,1020.6,6.0,,0.0,,,0.0,,0.0,,,0.0,,0.0,,,0.0,,0.0,,,0.0,,0.0,,,0.0,,0.0,,,0.0,180.0,-0.7999999999999989,-0.004444444444444438,-0.022222222222222192,-0.2666666666666663,0.6000000000000014,4.6499999999999915,0.025833333333333285,0.12916666666666643,1.5499999999999972,-3.9000000000000057,0.7999999999999545,0.004444444444444192,0.02222222222222096,0.2666666666666515,-0.40000000000009095,,,,,,1,0.0,1,1,0.0,1,1,0.0,1,0.0,0.0,,0.0,0.0,,0.0,0.0,,1.5999999999999996,-3.719999999999988,,-0.6399999999999628,0.0,0.0,,,,,,,,,,,,,
42182099999,"SAFDARJUNG, IN",2024-01-01 21:00:00+00:00,28.584511,77.205783,214.88,9.6,8.8,1019.0,,94.76,derived_from_temperature_and_dew_point,NOAA_ISD,FM-12,VALID,"{'TMP_QC': '1', 'DEW_QC': '1', 'SLP_QC': '1', 'RECORD_QC': 'V020'}",False,2026-09-16T17:43:55.394105+00:00,21,0,1,1,0,-0.7071067811865477,0.7071067811865474,0.0,1.0,0.0,1.0,10.4,11.2,12.6,89.82,85.17,76.62,1019.4,1018.6,1017.4,,,,9.6,0.0,9.6,9.6,1.0,9.6,0.0,9.6,9.6,1.0,9.6,0.0,9.6,9.6,1.0,9.6,0.0,9.6,9.6,1.0,10.0,0.5656854249492386,9.6,10.4,2.0,12.085714285714287,2.374467358818656,9.6,16.6,7.0,94.76,0.0,94.76,94.76,1.0,94.76,0.0,94.76,94.76,1.0,94.76,0.0,94.76,94.76,1.0,94.76,0.0,94.76,94.76,1.0,92.28999999999999,3.4931074990615585,89.82,94.76,2.0,83.29714285714286,12.123155137017362,60.4,94.8,7.0,1019.0,0.0,1019.0,1019.0,1.0,1019.0,0.0,1019.0,1019.0,1.0,1019.0,0.0,1019.0,1019.0,1.0,1019.0,0.0,1019.0,1019.0,1.0,1019.2,0.28284271247464315,1019.0,1019.4,2.0,1018.7142857142857,1.1894376422334727,1017.1,1020.6,7.0,,0.0,,,0.0,,0.0,,,0.0,,0.0,,,0.0,,0.0,,,0.0,,0.0,,,0.0,,0.0,,,0.0,180.0,-0.8000000000000007,-0.004444444444444449,-0.022222222222222244,-0.26666666666666694,-1.7763568394002505e-15,4.940000000000012,0.02744444444444451,0.13722222222222255,1.6466666666666707,0.29000000000002046,-0.39999999999997726,-0.002222222222222096,-0.01111111111111048,-0.13333333333332575,-1.1999999999999318,,,,,,1,0.0,1,1,0.0,1,1,0.0,1,0.0,0.0,,0.0,0.0,,0.0,0.0,,0.7999999999999989,-3.9520000000000133,,0.3199999999999821,0.0,0.0,,,,,,,,,,,,,
42182099999,"SAFDARJUNG, IN",2024-01-02 00:00:00+00:00,28.584511,77.205783,214.88,9.6,8.4,1017.9,,92.23,derived_from_temperature_and_dew_point,NOAA_ISD,FM-12,VALID,"{'TMP_QC': '1', 'DEW_QC': '1', 'SLP_QC': '1', 'RECORD_QC': 'V020'}",False,2026-09-16T17:43:55.394255+00:00,0,0,2,1,1,0.0,1.0,0.017201575418260506,0.9998520419557735,0.7818314824680298,0.6234898018587336,9.6,10.4,11.2,94.76,89.82,85.17,1019.0,1019.4,1018.6,,,,9.6,0.0,9.6,9.6,1.0,9.6,0.0,9.6,9.6,1.0,9.6,0.0,9.6,9.6,1.0,9.6,0.0,9.6,9.6,1.0,9.6,0.0,9.6,9.6,2.0,11.914285714285715,2.5215263706920146,9.6,16.6,7.0,92.23,0.0,92.23,92.23,1.0,92.23,0.0,92.23,92.23,1.0,92.23,0.0,92.23,92.23,1.0,92.23,0.0,92.23,92.23,1.0,93.495,1.788980156401966,92.23,94.76,2.0,82.92999999999999,11.749907801056711,60.4,94.76,7.0,1017.9,0.0,1017.9,1017.9,1.0,1017.9,0.0,1017.9,1017.9,1.0,1017.9,0.0,1017.9,1017.9,1.0,1017.9,0.0,1017.9,1017.9,1.0,1018.45,0.7778174593053426,1017.9,1019.0,2.0,1018.5714285714286,1.2229939843328335,1017.1,1020.6,7.0,,0.0,,,0.0,,0.0,,,0.0,,0.0,,,0.0,,0.0,,,0.0,,0.0,,,0.0,,0.0,,,0.0,180.0,0.0,0.0,0.0,0.0,0.8000000000000007,-2.530000000000001,-0.014055555555555562,-0.07027777777777781,-0.8433333333333337,-7.470000000000013,-1.1000000000000227,-0.006111111111111237,-0.030555555555556186,-0.36666666666667425,-0.7000000000000455,,,,,,2,180.0,2,1,0.0,1,1,0.0,1,0.0,0.0,,0.0,0.0,,0.0,0.0,,1.1999999999999993,-0.0,,-0.0,0.0,0.0,,,,,,,,,,,,,
42182099999,"SAFDARJUNG, IN",2024-01-02 03:00:00+00:00,28.584511,77.205783,214.88,10.0,7.5,1019.5,,84.46,derived_from_temperature_and_dew_point,NOAA_ISD,FM-12,VALID,"{'TMP_QC': '1', 'DEW_QC': '1', 'SLP_QC': '1', 'RECORD_QC': 'V020'}",False,2026-09-16T17:43:55.394407+00:00,3,0,2,1,1,0.7071067811865476,0.7071067811865476,0.017201575418260506,0.9998520419557735,0.7818314824680298,0.6234898018587336,9.6,9.6,10.4,92.23,94.76,89.82,1017.9,1019.0,1019.4,,,,10.0,0.0,10.0,10.0,1.0,10.0,0.0,10.0,10.0,1.0,10.0,0.0,10.0,10.0,1.0,10.0,0.0,10.0,10.0,1.0,9.8,0.2828427124746186,9.6,10.0,2.0,11.675,2.4306083894484414,9.6,16.6,8.0,84.46,0.0,84.46,84.46,1.0,84.46,0.0,84.46,84.46,1.0,84.46,0.0,84.46,84.46,1.0,84.46,0.0,84.46,84.46,1.0,88.345,5.494219689819482,84.46,92.23,2.0,83.12125,10.89174187499082,60.4,94.76,8.0,1019.5,0.0,1019.5,1019.5,1.0,1019.5,0.0,1019.5,1019.5,1.0,1019.5,0.0,1019.5,1019.5,1.0,1019.5,0.0,1019.5,1019.5,1.0,1018.7,1.1313708498985524,1017.9,1019.5,2.0,1018.6875,1.1789068786683035,1017.1,1020.6,8.0,,0.0,,,0.0,,0.0,,,0.0,,0.0,,,0.0,,0.0,,,0.0,,0.0,,,0.0,,0.0,,,0.0,180.0,0.40000000000000036,0.0022222222222222244,0.011111111111111122,0.13333333333333347,0.40000000000000036,-7.77000000000001,-0.04316666666666672,-0.2158333333333336,-2.5900000000000034,-5.240000000000009,1.6000000000000227,0.008888888888889016,0.04444444444444508,0.533333333333341,2.7000000000000455,,,,,,1,0.0,1,1,0.0,1,1,0.0,1,0.0,0.0,,0.0,0.0,,0.0,0.0,,2.5,-3.1080000000000068,,0.6400000000000097,0.0,0.0,,,,,,,,,,,,,
42182099999,"SAFDARJUNG, IN",2024-01-02 06:00:00+00:00,28.584511,77.205783,214.88,12.6,6.8,1020.2,,67.77,derived_from_temperature_and_dew_point,NOAA_ISD,FM-12,VALID,"{'TMP_QC': '1', 'DEW_QC': '1', 'SLP_QC': '1', 'RECORD_QC': 'V020'}",False,2026-09-16T17:43:55.394559+00:00,6,0,2,1,1,1.0,6.123233995736766e-17,0.017201575418260506,0.9998520419557735,0.7818314824680298,0.6234898018587336,10.0,9.6,9.6,84.46,92.23,94.76,1019.5,1017.9,1019.0,,,,12.6,0.0,12.6,12.6,1.0,12.6,0.0,12.6,12.6,1.0,12.6,0.0,12.6,12.6,1.0,12.6,0.0,12.6,12.6,1.0,11.3,1.8384776310850226,10.0,12.6,2.0,11.575,2.3650732395787304,9.6,16.6,8.0,67.77,0.0,67.77,67.77,1.0,67.77,0.0,67.77,67.77,1.0,67.77,0.0,67.77,67.77,1.0,67.77,0.0,67.77,67.77,1.0,76.11499999999998,11.801612178003476,67.77,84.46,2.0,81.40375,12.188264774539718,60.4,94.76,8.0,1020.2,0.0,1020.2,1020.2,1.0,1020.2,0.0,1020.2,1020.2,1.0,1020.2,0.0,1020.2,1020.2,1.0,1020.2,0.0,1020.2,1020.2,1.0,1019.85,0.49497474683061543,1019.5,1020.2,2.0,1018.6375,1.0914439976471584,1017.1,1020.2,8.0,,0.0,,,0.0,,0.0,,,0.0,,0.0,,,0.0,,0.0,,,0.0,,0.0,,,0.0,,0.0,,,0.0,180.0,2.5999999999999996,0.014444444444444442,0.07222222222222222,0.8666666666666665,2.1999999999999993,-16.689999999999998,-0.0927222222222222,-0.46361111111111103,-5.563333333333333,-8.919999999999987,0.7000000000000455,0.0038888888888891416,0.019444444444445708,0.2333333333333485,-0.8999999999999773,,,,,,1,0.0,1,1,0.0,1,1,0.0,1,0.0,0.0,,0.0,0.0,,0.0,0.0,,5.8,-43.39399999999999,,1.820000000000118,0.0,0.0,,,,,,,,,,,,,
42182099999,"SAFDARJUNG, IN",2024-01-02 09:00:00+00:00,28.584511,77.205783,214.88,16.8,7.7,1016.5,,54.97,derived_from_temperature_and_dew_point,NOAA_ISD,FM-12,VALID,"{'TMP_QC': '1', 'DEW_QC': '1', 'SLP_QC': '1', 'RECORD_QC': 'V020'}",False,2026-09-16T17:43:55.394728+00:00,9,0,2,1,1,0.7071067811865476,-0.7071067811865475,0.017201575418260506,0.9998520419557735,0.7818314824680298,0.6234898018587336,12.6,10.0,9.6,67.77,84.46,92.23,1020.2,1019.5,1017.9,,,,16.8,0.0,16.8,16.8,1.0,16.8,0.0,16.8,16.8,1.0,16.8,0.0,16.8,16.8,1.0,16.8,0.0,16.8,16.8,1.0,14.7,2.969848480983501,12.6,16.8,2.0,11.600000000000001,2.426049110326147,9.6,16.8,8.0,54.97,0.0,54.97,54.97,1.0,54.97,0.0,54.97,54.97,1.0,54.97,0.0,54.97,54.97,1.0,54.97,0.0,54.97,54.97,1.0,61.36999999999999,9.050966799187806,54.97,67.77,2.0,80.72500000000001,13.595044265151497,54.97,94.76,8.0,1016.5,0.0,1016.5,1016.5,1.0,1016.5,0.0,1016.5,1016.5,1.0,1016.5,0.0,1016.5,1016.5,1.0,1016.5,0.0,1016.5,1016.5,1.0,1018.35,2.616295090390258,1016.5,1020.2,2.0,1018.5625,1.2246719677413378,1016.5,1020.2,8.0,,0.0,,,0.0,,0.0,,,0.0,,0.0,,,0.0,,0.0,,,0.0,,0.0,,,0.0,,0.0,,,0.0,180.0,4.200000000000001,0.023333333333333338,0.1166666666666667,1.4000000000000004,1.6000000000000014,-12.799999999999997,-0.0711111111111111,-0.3555555555555555,-4.266666666666666,3.8900000000000006,-3.7000000000000455,-0.02055555555555581,-0.10277777777777905,-1.2333333333333485,-4.400000000000091,,,,,,1,0.0,1,1,0.0,1,1,0.0,1,0.0,0.0,,0.0,0.0,,0.0,0.0,,9.100000000000001,-53.760000000000005,,-15.540000000000195,0.0,0.0,,,,,,,,,,,,,
42182099999,"SAFDARJUNG, IN",2024-01-02 12:00:00+00:00,28.584511,77.205783,214.88,14.9,7.1,1016.0,,59.58,derived_from_temperature_and_dew_point,NOAA_ISD,FM-12,VALID,"{'TMP_QC': '1', 'DEW_QC': '1', 'SLP_QC': '1', 'RECORD_QC': 'V020'}",False,2026-09-16T17:43:55.395144+00:00,12,0,2,1,1,1.2246467991473532e-16,-1.0,0.017201575418260506,0.9998520419557735,0.7818314824680298,0.6234898018587336,16.8,12.6,10.0,54.97,67.77,84.46,1016.5,1020.2,1019.5,,,,14.9,0.0,14.9,14.9,1.0,14.9,0.0,14.9,14.9,1.0,14.9,0.0,14.9,14.9,1.0,14.9,0.0,14.9,14.9,1.0,15.849999999999998,1.3435028842544412,14.9,16.8,2.0,11.8875,2.6840467847742793,9.6,16.8,8.0,59.58,0.0,59.58,59.58,1.0,59.58,0.0,59.58,59.58,1.0,59.58,0.0,59.58,59.58,1.0,59.58,0.0,59.58,59.58,1.0,57.27499999999999,3.2597622612699837,54.97,59.58,2.0,78.595,15.527585590996248,54.97,94.76,8.0,1016.0,0.0,1016.0,1016.0,1.0,1016.0,0.0,1016.0,1016.0,1.0,1016.0,0.0,1016.0,1016.0,1.0,1016.0,0.0,1016.0,1016.0,1.0,1016.25,0.3535533905932738,1016.0,1016.5,2.0,1018.3875,1.486546813447663,1016.0,1020.2,8.0,,0.0,,,0.0,,0.0,,,0.0,,0.0,,,0.0,,0.0,,,0.0,,0.0,,,0.0,,0.0,,,0.0,180.0,-1.9000000000000004,-0.010555555555555558,-0.052777777777777785,-0.6333333333333334,-6.100000000000001,4.609999999999999,0.02561111111111111,0.12805555555555553,1.5366666666666666,17.409999999999997,-0.5,-0.002777777777777778,-0.01388888888888889,-0.16666666666666669,3.2000000000000455,,,,,,1,0.0,1,1,0.0,1,1,0.0,1,0.0,0.0,,0.0,0.0,,0.0,0.0,,7.800000000000001,-8.759,,0.9500000000000002,0.0,0.0,,,,,,,,,,,,,
42182099999,"SAFDARJUNG, IN",2024-01-02 15:00:00+00:00,28.584511,77.205783,214.88,9.0,7.7,1018.0,,91.57,derived_from_temperature_and_dew_point,NOAA_ISD,FM-12,VALID,"{'TMP_QC': '1', 'DEW_QC': '1', 'SLP_QC': '1', 'RECORD_QC': 'V020'}",False,2026-09-16T17:43:55.395393+00:00,15,0,2,1,1,-0.7071067811865471,-0.7071067811865479,0.017201575418260506,0.9998520419557735,0.7818314824680298,0.6234898018587336,14.9,16.8,12.6,59.58,54.97,67.77,1016.0,1016.5,1020.2,,,,9.0,0.0,9.0,9.0,1.0,9.0,0.0,9.0,9.0,1.0,9.0,0.0,9.0,9.0,1.0,9.0,0.0,9.0,9.0,1.0,11.95,4.17193000900063,9.0,14.9,2.0,11.612499999999999,2.870757739691736,9.0,16.8,8.0,91.57,0.0,91.57,91.57,1.0,91.57,0.0,91.57,91.57,1.0,91.57,0.0,91.57,91.57,1.0,91.57,0.0,91.57,91.57,1.0,75.57499999999999,22.620345930157658,59.58,91.57,2.0,79.395,16.070120454700128,54.97,94.76,8.0,1018.0,0.0,1018.0,1018.0,1.0,1018.0,0.0,1018.0,1018.0,1.0,1018.0,0.0,1018.0,1018.0,1.0,1018.0,0.0,1018.0,1018.0,1.0,1017.0,1.4142135623730951,1016.0,1018.0,2.0,1018.3125,1.4894270231007674,1016.0,1020.2,8.0,,0.0,,,0.0,,0.0,,,0.0,,0.0,,,0.0,,0.0,,,0.0,,0.0,,,0.0,,0.0,,,0.0,180.0,-5.9,-0.03277777777777778,-0.16388888888888892,-1.9666666666666668,-4.0,31.989999999999995,0.1777222222222222,0.888611111111111,10.663333333333332,27.379999999999995,2.0,0.011111111111111112,0.05555555555555556,0.6666666666666667,2.5,,,,,,1,0.0,1,1,0.0,1,1,0.0,1,0.0,0.0,,0.0,0.0,,0.0,0.0,,1.2999999999999998,-188.74099999999999,,-11.8,0.0,0.0,,,,,,,,,,,,,
42182099999,"SAFDARJUNG, IN",2024-01-02 18:00:00+00:00,28.584511,77.205783,214.88,9.0,8.2,1018.4,,94.73,derived_from_temperature_and_dew_point,NOAA_ISD,FM-12,VALID,"{'TMP_QC': '1', 'DEW_QC': '1', 'SLP_QC': '1', 'RECORD_QC': 'V020'}",False,2026-09-16T17:43:55.395579+00:00,18,0,2,1,1,-1.0,-1.8369701987210297e-16,0.017201575418260506,0.9998520419557735,0.7818314824680298,0.6234898018587336,9.0,14.9,16.8,91.57,59.58,54.97,1018.0,1016.0,1016.5,,,,9.0,0.0,9.0,9.0,1.0,9.0,0.0,9.0,9.0,1.0,9.0,0.0,9.0,9.0,1.0,9.0,0.0,9.0,9.0,1.0,9.0,0.0,9.0,9.0,2.0,11.4375,2.9952045005308072,9.0,16.8,8.0,94.73,0.0,94.73,94.73,1.0,94.73,0.0,94.73,94.73,1.0,94.73,0.0,94.73,94.73,1.0,94.73,0.0,94.73,94.73,1.0,93.14999999999999,2.2344574285494927,91.57,94.73,2.0,80.00875,16.609848573748565,54.97,94.76,8.0,1018.4,0.0,1018.4,1018.4,1.0,1018.4,0.0,1018.4,1018.4,1.0,1018.4,0.0,1018.4,1018.4,1.0,1018.4,0.0,1018.4,1018.4,1.0,1018.2,0.2828427124745627,1018.0,1018.4,2.0,1018.1875,1.4257203692970448,1016.0,1020.2,8.0,,0.0,,,0.0,,0.0,,,0.0,,0.0,,,0.0,,0.0,,,0.0,,0.0,,,0.0,,0.0,,,0.0,180.0,0.0,0.0,0.0,0.0,5.9,3.160000000000011,0.017555555555555616,0.08777777777777808,1.053333333333337,-28.829999999999984,0.39999999999997726,0.002222222222222096,0.01111111111111048,0.13333333333332575,-1.6000000000000227,,,,,,2,180.0,2,1,0.0,1,1,0.0,1,0.0,0.0,,0.0,0.0,,0.0,0.0,,0.8000000000000007,0.0,,0.0,0.0,0.0,,,,,,,,,,,,,
42182099999,"SAFDARJUNG, IN",2024-01-02 21:00:00+00:00,28.584511,77.205783,214.88,8.6,7.8,1018.1,,94.72,derived_from_temperature_and_dew_point,NOAA_ISD,FM-12,VALID,"{'TMP_QC': '1', 'DEW_QC': '1', 'SLP_QC': '1', 'RECORD_QC': 'V020'}",False,2026-09-16T17:43:55.395744+00:00,21,0,2,1,1,-0.7071067811865477,0.7071067811865474,0.017201575418260506,0.9998520419557735,0.7818314824680298,0.6234898018587336,9.0,9.0,14.9,94.73,91.57,59.58,1018.4,1018.0,1016.0,,,,8.6,0.0,8.6,8.6,1.0,8.6,0.0,8.6,8.6,1.0,8.6,0.0,8.6,8.6,1.0,8.6,0.0,8.6,8.6,1.0,8.8,0.2828427124746199,8.6,9.0,2.0,11.3125,3.101813985396288,8.6,16.8,8.0,94.72,0.0,94.72,94.72,1.0,94.72,0.0,94.72,94.72,1.0,94.72,0.0,94.72,94.72,1.0,94.72,0.0,94.72,94.72,1.0,94.725,0.0070710678118640685,94.72,94.73,2.0,80.00375,16.604778948500684,54.97,94.73,8.0,1018.1,0.0,1018.1,1018.1,1.0,1018.1,0.0,1018.1,1018.1,1.0,1018.1,0.0,1018.1,1018.1,1.0,1018.1,0.0,1018.1,1018.1,1.0,1018.25,0.2121320343559321,1018.1,1018.4,2.0,1018.075,1.387443692551125,1016.0,1020.2,8.0,,0.0,,,0.0,,0.0,,,0.0,,0.0,,,0.0,,0.0,,,0.0,,0.0,,,0.0,,0.0,,,0.0,180.0,-0.40000000000000036,-0.0022222222222222244,-0.011111111111111122,-0.13333333333333347,-0.40000000000000036,-0.010000000000005116,-5.555555555558398e-05,-0.00027777777777791986,-0.0033333333333350388,-3.170000000000016,-0.2999999999999545,-0.001666666666666414,-0.00833333333333207,-0.09999999999998484,-0.6999999999999318,,,,,,1,0.0,1,1,0.0,2,1,0.0,1,0.0,0.0,,0.0,0.0,,0.0,0.0,,0.7999999999999998,0.00400000000000205,,0.11999999999998191,0.0,0.0,,,,,,,,,,,,,
42182099999,"SAFDARJUNG, IN",2024-01-03 00:00:00+00:00,28.584511,77.205783,214.88,9.2,7.1,1018.1,,86.71,derived_from_temperature_and_dew_point,NOAA_ISD,FM-12,VALID,"{'TMP_QC': '1', 'DEW_QC': '1', 'SLP_QC': '1', 'RECORD_QC': 'V020'}",False,2026-09-16T17:43:55.395905+00:00,0,0,3,1,2,0.0,1.0,0.03439806061360801,0.9994082116062598,0.9749279121818236,-0.22252093395631434,8.6,9.0,9.0,94.72,94.73,91.57,1018.1,1018.4,1018.0,,,,9.2,0.0,9.2,9.2,1.0,9.2,0.0,9.2,9.2,1.0,9.2,0.0,9.2,9.2,1.0,9.2,0.0,9.2,9.2,1.0,8.899999999999999,0.4242640687119289,8.6,9.2,2.0,11.2625,3.1363935157620593,8.6,16.8,8.0,86.71,0.0,86.71,86.71,1.0,86.71,0.0,86.71,86.71,1.0,86.71,0.0,86.71,86.71,1.0,86.71,0.0,86.71,86.71,1.0,90.71499999999999,5.663925317304255,86.71,94.72,2.0,79.31375,16.132109008788298,54.97,94.73,8.0,1018.1,0.0,1018.1,1018.1,1.0,1018.1,0.0,1018.1,1018.1,1.0,1018.1,0.0,1018.1,1018.1,1.0,1018.1,0.0,1018.1,1018.1,1.0,1018.1,0.0,1018.1,1018.1,2.0,1018.1,1.3856406460550672,1016.0,1020.2,8.0,,0.0,,,0.0,,0.0,,,0.0,,0.0,,,0.0,,0.0,,,0.0,,0.0,,,0.0,,0.0,,,0.0,180.0,0.5999999999999996,0.0033333333333333314,0.016666666666666656,0.19999999999999987,1.0,-8.010000000000005,-0.044500000000000026,-0.22250000000000014,-2.6700000000000017,-8.0,0.0,0.0,0.0,0.0,0.2999999999999545,,,,,,1,0.0,1,1,0.0,1,2,180.0,2,0.0,0.0,,0.0,0.0,,0.0,0.0,,2.0999999999999996,-4.806,,0.0,0.0,0.0,,,,,,,,,,,,,
42182099999,"SAFDARJUNG, IN",2024-01-03 03:00:00+00:00,28.584511,77.205783,214.88,9.6,7.9,1019.6,,89.15,derived_from_temperature_and_dew_point,NOAA_ISD,FM-12,VALID,"{'TMP_QC': '1', 'DEW_QC': '1', 'SLP_QC': '1', 'RECORD_QC': 'V020'}",False,2026-09-16T17:43:55.396062+00:00,3,0,3,1,2,0.7071067811865476,0.7071067811865476,0.03439806061360801,0.9994082116062598,0.9749279121818236,-0.22252093395631434,9.2,8.6,9.0,86.71,94.72,94.73,1018.1,1018.1,1018.4,,,,9.6,0.0,9.6,9.6,1.0,9.6,0.0,9.6,9.6,1.0,9.6,0.0,9.6,9.6,1.0,9.6,0.0,9.6,9.6,1.0,9.399999999999999,0.2828427124746199,9.2,9.6,2.0,11.2125,3.162475296346203,8.6,16.8,8.0,89.15,0.0,89.15,89.15,1.0,89.15,0.0,89.15,89.15,1.0,89.15,0.0,89.15,89.15,1.0,89.15,0.0,89.15,89.15,1.0,87.92999999999999,1.7253405460951794,86.71,89.15,2.0,79.89999999999999,16.428342234426108,54.97,94.73,8.0,1019.6,0.0,1019.6,1019.6,1.0,1019.6,0.0,1019.6,1019.6,1.0,1019.6,0.0,1019.6,1019.6,1.0,1019.6,0.0,1019.6,1019.6,1.0,1018.85,1.0606601717798212,1018.1,1019.6,2.0,1018.1125000000001,1.4004463574160684,1016.0,1020.2,8.0,,0.0,,,0.0,,0.0,,,0.0,,0.0,,,0.0,,0.0,,,0.0,,0.0,,,0.0,,0.0,,,0.0,180.0,0.40000000000000036,0.0022222222222222244,0.011111111111111122,0.13333333333333347,-0.1999999999999993,2.440000000000012,0.013555555555555623,0.06777777777777812,0.8133333333333373,10.450000000000017,1.5,0.008333333333333333,0.041666666666666664,0.5,1.5,,,,,,1,0.0,1,1,0.0,1,1,0.0,1,0.0,0.0,,0.0,0.0,,0.0,0.0,,1.6999999999999993,0.9760000000000056,,0.6000000000000005,0.0,0.0,,,,,,,,,,,,,
42182099999,"SAFDARJUNG, IN",2024-01-03 06:00:00+00:00,28.584511,77.205783,214.88,11.2,9.2,1020.2,,87.49,derived_from_temperature_and_dew_point,NOAA_ISD,FM-12,VALID,"{'TMP_QC': '1', 'DEW_QC': '1', 'SLP_QC': '1', 'RECORD_QC': 'V020'}",False,2026-09-16T17:43:55.396221+00:00,6,0,3,1,2,1.0,6.123233995736766e-17,0.03439806061360801,0.9994082116062598,0.9749279121818236,-0.22252093395631434,9.6,9.2,8.6,89.15,86.71,94.72,1019.6,1018.1,1018.1,,,,11.2,0.0,11.2,11.2,1.0,11.2,0.0,11.2,11.2,1.0,11.2,0.0,11.2,11.2,1.0,11.2,0.0,11.2,11.2,1.0,10.399999999999999,1.1313708498984765,9.6,11.2,2.0,11.0375,3.113077255706964,8.6,16.8,8.0,87.49,0.0,87.49,87.49,1.0,87.49,0.0,87.49,87.49,1.0,87.49,0.0,87.49,87.49,1.0,87.49,0.0,87.49,87.49,1.0,88.32,1.1737972567696715,87.49,89.15,2.0,82.365,15.81633152336985,54.97,94.73,8.0,1020.2,0.0,1020.2,1020.2,1.0,1020.2,0.0,1020.2,1020.2,1.0,1020.2,0.0,1020.2,1020.2,1.0,1020.2,0.0,1020.2,1020.2,1.0,1019.9000000000001,0.4242640687119044,1019.6,1020.2,2.0,1018.1125,1.4004463574160684,1016.0,1020.2,8.0,,0.0,,,0.0,,0.0,,,0.0,,0.0,,,0.0,,0.0,,,0.0,,0.0,,,0.0,,0.0,,,0.0,180.0,1.5999999999999996,0.008888888888888887,0.04444444444444444,0.5333333333333332,1.1999999999999993,-1.6600000000000108,-0.009222222222222283,-0.046111111111111415,-0.553333333333337,-4.100000000000023,0.6000000000000227,0.0033333333333334597,0.016666666666667298,0.2000000000000076,-0.8999999999999773,,,,,,1,0.0,1,1,0.0,1,1,0.0,1,0.0,0.0,,0.0,0.0,,0.0,0.0,,2.0,-2.6560000000000166,,0.9600000000000362,0.0,0.0,,,,,,,,,,,,,
42182099999,"SAFDARJUNG, IN",2024-01-03 09:00:00+00:00,28.584511,77.205783,214.88,15.2,8.1,1017.0,,62.57,derived_from_temperature_and_dew_point,NOAA_ISD,FM-12,VALID,"{'TMP_QC': '1', 'DEW_QC': '1', 'SLP_QC': '1', 'RECORD_QC': 'V020'}",False,2026-09-16T17:43:55.396376+00:00,9,0,3,1,2,0.7071067811865476,-0.7071067811865475,0.03439806061360801,0.9994082116062598,0.9749279121818236,-0.22252093395631434,11.2,9.6,9.2,87.49,89.15,86.71,1020.2,1019.6,1018.1,,,,15.2,0.0,15.2,15.2,1.0,15.2,0.0,15.2,15.2,1.0,15.2,0.0,15.2,15.2,1.0,15.2,0.0,15.2,15.2,1.0,13.2,2.8284271247461903,11.2,15.2,2.0,10.8375,2.716056753036336,8.6,15.2,8.0,62.57,0.0,62.57,62.57,1.0,62.57,0.0,62.57,62.57,1.0,62.57,0.0,62.57,62.57,1.0,62.57,0.0,62.57,62.57,1.0,75.02999999999999,17.621100987168763,62.57,87.49,2.0,83.315,14.067340087694516,59.58,94.73,8.0,1017.0,0.0,1017.0,1017.0,1.0,1017.0,0.0,1017.0,1017.0,1.0,1017.0,0.0,1017.0,1017.0,1.0,1017.0,0.0,1017.0,1017.0,1.0,1018.6,2.2627416997969845,1017.0,1020.2,2.0,1018.175,1.327457290138864,1016.0,1020.2,8.0,,0.0,,,0.0,,0.0,,,0.0,,0.0,,,0.0,,0.0,,,0.0,,0.0,,,0.0,,0.0,,,0.0,180.0,4.0,0.022222222222222223,0.11111111111111112,1.3333333333333335,2.4000000000000004,-24.919999999999995,-0.13844444444444443,-0.6922222222222221,-8.306666666666665,-23.259999999999984,-3.2000000000000455,-0.01777777777777803,-0.08888888888889016,-1.066666666666682,-3.800000000000068,,,,,,1,0.0,1,1,0.0,1,1,0.0,1,0.0,0.0,,0.0,0.0,,0.0,0.0,,7.1,-99.67999999999998,,-12.800000000000182,0.0,0.0,,,,,,,,,,,,,
42182099999,"SAFDARJUNG, IN",2024-01-03 12:00:00+00:00,28.584511,77.205783,214.88,13.8,9.5,1016.7,,75.28,derived_from_temperature_and_dew_point,NOAA_ISD,FM-12,VALID,"{'TMP_QC': '1', 'DEW_QC': '1', 'SLP_QC': '1', 'RECORD_QC': 'V020'}",False,2026-09-16T17:43:55.396540+00:00,12,0,3,1,2,1.2246467991473532e-16,-1.0,0.03439806061360801,0.9994082116062598,0.9749279121818236,-0.22252093395631434,15.2,11.2,9.6,62.57,87.49,89.15,1017.0,1020.2,1019.6,,,,13.8,0.0,13.8,13.8,1.0,13.8,0.0,13.8,13.8,1.0,13.8,0.0,13.8,13.8,1.0,13.8,0.0,13.8,13.8,1.0,14.5,0.9899494936611655,13.8,15.2,2.0,10.7,2.500285697961049,8.6,15.2,8.0,75.28,0.0,75.28,75.28,1.0,75.28,0.0,75.28,75.28,1.0,75.28,0.0,75.28,75.28,1.0,75.28,0.0,75.28,75.28,1.0,68.92499999999998,8.987327188881022,62.57,75.28,2.0,85.2775,11.05589790887328,62.57,94.73,8.0,1016.7,0.0,1016.7,1016.7,1.0,1016.7,0.0,1016.7,1016.7,1.0,1016.7,0.0,1016.7,1016.7,1.0,1016.7,0.0,1016.7,1016.7,1.0,1016.85,0.2121320343559321,1016.7,1017.0,2.0,1018.2624999999999,1.1783008347373964,1016.7,1020.2,8.0,,0.0,,,0.0,,0.0,,,0.0,,0.0,,,0.0,,0.0,,,0.0,,0.0,,,0.0,,0.0,,,0.0,180.0,-1.3999999999999986,-0.00777777777777777,-0.03888888888888885,-0.4666666666666662,-5.399999999999999,12.71,0.07061111111111111,0.35305555555555557,4.236666666666666,37.629999999999995,-0.2999999999999545,-0.001666666666666414,-0.00833333333333207,-0.09999999999998484,2.900000000000091,,,,,,1,0.0,1,1,0.0,1,1,0.0,1,0.0,0.0,,0.0,0.0,,0.0,0.0,,4.300000000000001,-17.793999999999983,,0.4199999999999359,0.0,0.0,,,,,,,,,,,,,
42182099999,"SAFDARJUNG, IN",2024-01-03 15:00:00+00:00,28.584511,77.205783,214.88,9.6,8.4,1017.6,,92.23,derived_from_temperature_and_dew_point,NOAA_ISD,FM-12,VALID,"{'TMP_QC': '1', 'DEW_QC': '1', 'SLP_QC': '1', 'RECORD_QC': 'V020'}",False,2026-09-16T17:43:55.396733+00:00,15,0,3,1,2,-0.7071067811865471,-0.7071067811865479,0.03439806061360801,0.9994082116062598,0.9749279121818236,-0.22252093395631434,13.8,15.2,11.2,75.28,62.57,87.49,1016.7,1017.0,1020.2,,,,9.6,0.0,9.6,9.6,1.0,9.6,0.0,9.6,9.6,1.0,9.6,0.0,9.6,9.6,1.0,9.6,0.0,9.6,9.6,1.0,11.7,2.9698484809834995,9.6,13.8,2.0,10.775,2.450510150968569,8.6,15.2,8.0,92.23,0.0,92.23,92.23,1.0,92.23,0.0,92.23,92.23,1.0,92.23,0.0,92.23,92.23,1.0,92.23,0.0,92.23,92.23,1.0,83.755,11.985459941111987,75.28,92.23,2.0,85.36,11.111881671693338,62.57,94.73,8.0,1017.6,0.0,1017.6,1017.6,1.0,1017.6,0.0,1017.6,1017.6,1.0,1017.6,0.0,1017.6,1017.6,1.0,1017.6,0.0,1017.6,1017.6,1.0,1017.1500000000001,0.6363961030678364,1016.7,1017.6,2.0,1018.2125,1.1993301701961971,1016.7,1020.2,8.0,,0.0,,,0.0,,0.0,,,0.0,,0.0,,,0.0,,0.0,,,0.0,,0.0,,,0.0,,0.0,,,0.0,180.0,-4.200000000000001,-0.023333333333333338,-0.1166666666666667,-1.4000000000000004,-2.8000000000000025,16.950000000000003,0.09416666666666668,0.4708333333333334,5.65,4.240000000000002,0.8999999999999773,0.0049999999999998735,0.024999999999999366,0.2999999999999924,1.1999999999999318,,,,,,1,0.0,1,1,0.0,1,1,0.0,1,0.0,0.0,,0.0,0.0,,0.0,0.0,,1.1999999999999993,-71.19000000000003,,-3.7799999999999057,0.0,0.0,,,,,,,,,,,,,
42182099999,"SAFDARJUNG, IN",2024-01-03 18:00:00+00:00,28.584511,77.205783,214.88,9.4,8.6,1018.0,,94.75,derived_from_temperature_and_dew_point,NOAA_ISD,FM-12,VALID,"{'TMP_QC': '1', 'DEW_QC': '1', 'SLP_QC': '1', 'RECORD_QC': 'V020'}",False,2026-09-16T17:43:55.396903+00:00,18,0,3,1,2,-1.0,-1.8369701987210297e-16,0.03439806061360801,0.9994082116062598,0.9749279121818236,-0.22252093395631434,9.6,13.8,15.2,92.23,75.28,62.57,1017.6,1016.7,1017.0,,,,9.4,0.0,9.4,9.4,1.0,9.4,0.0,9.4,9.4,1.0,9.4,0.0,9.4,9.4,1.0,9.4,0.0,9.4,9.4,1.0,9.5,0.141421356237309,9.4,9.6,2.0,10.825,2.4129116969219693,8.6,15.2,8.0,94.75,0.0,94.75,94.75,1.0,94.75,0.0,94.75,94.75,1.0,94.75,0.0,94.75,94.75,1.0,94.75,0.0,94.75,94.75,1.0,93.49,1.781909088590092,92.23,94.75,2.0,85.3625,11.114292921407873,62.57,94.75,8.0,1018.0,0.0,1018.0,1018.0,1.0,1018.0,0.0,1018.0,1018.0,1.0,1018.0,0.0,1018.0,1018.0,1.0,1018.0,0.0,1018.0,1018.0,1.0,1017.8,0.28284271247464315,1017.6,1018.0,2.0,1018.1625,1.1987344517090808,1016.7,1020.2,8.0,,0.0,,,0.0,,0.0,,,0.0,,0.0,,,0.0,,0.0,,,0.0,,0.0,,,0.0,,0.0,,,0.0,180.0,-0.1999999999999993,-0.0011111111111111072,-0.005555555555555536,-0.06666666666666643,4.000000000000002,2.519999999999996,0.013999999999999978,0.0699999999999999,0.8399999999999986,-14.430000000000007,0.39999999999997726,0.002222222222222096,0.01111111111111048,0.13333333333332575,-0.5,,,,,,1,0.0,1,1,0.0,1,1,0.0,1,0.0,0.0,,0.0,0.0,,0.0,0.0,,0.8000000000000007,-0.5039999999999975,,-0.07999999999999517,0.0,0.0,,,,,,,,,,,,,
42182099999,"SAFDARJUNG, IN",2024-01-03 21:00:00+00:00,28.584511,77.205783,214.88,9.6,8.8,1017.8,,94.76,derived_from_temperature_and_dew_point,NOAA_ISD,FM-12,VALID,"{'TMP_QC': '1', 'DEW_QC': '1', 'SLP_QC': '1', 'RECORD_QC': 'V020'}",False,2026-09-16T17:43:55.397064+00:00,21,0,3,1,2,-0.7071067811865477,0.7071067811865474,0.03439806061360801,0.9994082116062598,0.9749279121818236,-0.22252093395631434,9.4,9.6,13.8,94.75,92.23,75.28,1018.0,1017.6,1016.7,,,,9.6,0.0,9.6,9.6,1.0,9.6,0.0,9.6,9.6,1.0,9.6,0.0,9.6,9.6,1.0,9.6,0.0,9.6,9.6,1.0,9.5,0.141421356237309,9.4,9.6,2.0,10.950000000000001,2.304653677112588,9.2,15.2,8.0,94.76,0.0,94.76,94.76,1.0,94.76,0.0,94.76,94.76,1.0,94.76,0.0,94.76,94.76,1.0,94.76,0.0,94.76,94.76,1.0,94.755,0.007071067811874117,94.75,94.76,2.0,85.3675,11.11911192496955,62.57,94.76,8.0,1017.8,0.0,1017.8,1017.8,1.0,1017.8,0.0,1017.8,1017.8,1.0,1017.8,0.0,1017.8,1017.8,1.0,1017.8,0.0,1017.8,1017.8,1.0,1017.9,0.14142135623746224,1017.8,1018.0,2.0,1018.125,1.205641500849825,1016.7,1020.2,8.0,,0.0,,,0.0,,0.0,,,0.0,,0.0,,,0.0,,0.0,,,0.0,,0.0,,,0.0,,0.0,,,0.0,180.0,0.1999999999999993,0.0011111111111111072,0.005555555555555536,0.06666666666666643,0.3999999999999986,0.010000000000005116,5.555555555558398e-05,0.00027777777777791986,0.0033333333333350388,-2.509999999999991,-0.20000000000004547,-0.0011111111111113637,-0.005555555555556819,-0.06666666666668182,-0.6000000000000227,,,,,,1,0.0,1,1,0.0,2,1,0.0,1,0.0,0.0,,0.0,0.0,,0.0,0.0,,0.7999999999999989,0.002000000000001016,,-0.04000000000000895,0.0,0.0,,,,,,,,,,,,,
42182099999,"SAFDARJUNG, IN",2024-01-04 00:00:00+00:00,28.584511,77.205783,214.88,9.4,8.6,1018.3,,94.75,derived_from_temperature_and_dew_point,NOAA_ISD,FM-12,VALID,"{'TMP_QC': '1', 'DEW_QC': '1', 'SLP_QC': '1', 'RECORD_QC': 'V020'}",False,2026-09-16T17:43:55.397211+00:00,0,0,4,1,3,0.0,1.0,0.051584366869408364,0.9986686402879997,0.43388373911755823,-0.900968867902419,9.6,9.4,9.6,94.76,94.75,92.23,1017.8,1018.0,1017.6,,,,9.4,0.0,9.4,9.4,1.0,9.4,0.0,9.4,9.4,1.0,9.4,0.0,9.4,9.4,1.0,9.4,0.0,9.4,9.4,1.0,9.5,0.141421356237309,9.4,9.6,2.0,10.975,2.2839502121168427,9.4,15.2,8.0,94.75,0.0,94.75,94.75,1.0,94.75,0.0,94.75,94.75,1.0,94.75,0.0,94.75,94.75,1.0,94.75,0.0,94.75,94.75,1.0,94.755,0.007071067811874117,94.75,94.76,2.0,86.3725,11.610287002727985,62.57,94.76,8.0,1018.3,0.0,1018.3,1018.3,1.0,1018.3,0.0,1018.3,1018.3,1.0,1018.3,0.0,1018.3,1018.3,1.0,1018.3,0.0,1018.3,1018.3,1.0,1018.05,0.3535533905932738,1017.8,1018.3,2.0,1018.1500000000001,1.2071217242444305,1016.7,1020.2,8.0,,0.0,,,0.0,,0.0,,,0.0,,0.0,,,0.0,,0.0,,,0.0,,0.0,,,0.0,,0.0,,,0.0,180.0,-0.1999999999999993,-0.0011111111111111072,-0.005555555555555536,-0.06666666666666643,-0.3999999999999986,-0.010000000000005116,-5.555555555558398e-05,-0.00027777777777791986,-0.0033333333333350388,-0.020000000000010232,0.5,0.002777777777777778,0.01388888888888889,0.16666666666666669,0.7000000000000455,,,,,,1,0.0,1,1,0.0,3,1,0.0,1,0.0,0.0,,0.0,0.0,,0.0,0.0,,0.8000000000000007,0.002000000000001016,,-0.09999999999999964,0.0,0.0,,,,,,,,,,,,,
42182099999,"SAFDARJUNG, IN",2024-01-04 03:00:00+00:00,28.584511,77.205783,214.88,10.0,8.4,1020.5,,89.79,derived_from_temperature_and_dew_point,NOAA_ISD,FM-12,VALID,"{'TMP_QC': '1', 'DEW_QC': '1', 'SLP_QC': '1', 'RECORD_QC': 'V020'}",False,2026-09-16T17:43:55.397357+00:00,3,0,4,1,3,0.7071067811865476,0.7071067811865476,0.051584366869408364,0.9986686402879997,0.43388373911755823,-0.900968867902419,9.4,9.6,9.4,94.75,94.76,94.75,1018.3,1017.8,1018.0,,,,10.0,0.0,10.0,10.0,1.0,10.0,0.0,10.0,10.0,1.0,10.0,0.0,10.0,10.0,1.0,10.0,0.0,10.0,10.0,1.0,9.7,0.4242640687119289,9.4,10.0,2.0,11.024999999999999,2.2537270718269578,9.4,15.2,8.0,89.79,0.0,89.79,89.79,1.0,89.79,0.0,89.79,89.79,1.0,89.79,0.0,89.79,89.79,1.0,89.79,0.0,89.79,89.79,1.0,92.27,3.507249634685276,89.79,94.75,2.0,86.4525,11.634339259278978,62.57,94.76,8.0,1020.5,0.0,1020.5,1020.5,1.0,1020.5,0.0,1020.5,1020.5,1.0,1020.5,0.0,1020.5,1020.5,1.0,1020.5,0.0,1020.5,1020.5,1.0,1019.4,1.5556349186104366,1018.3,1020.5,2.0,1018.2625,1.3896942109687325,1016.7,1020.5,8.0,,0.0,,,0.0,,0.0,,,0.0,,0.0,,,0.0,,0.0,,,0.0,,0.0,,,0.0,,0.0,,,0.0,180.0,0.5999999999999996,0.0033333333333333314,0.016666666666666656,0.19999999999999987,0.7999999999999989,-4.959999999999994,-0.02755555555555552,-0.1377777777777776,-1.6533333333333313,-4.949999999999989,2.2000000000000455,0.012222222222222474,0.06111111111111237,0.7333333333333485,1.7000000000000455,,,,,,1,0.0,1,1,0.0,1,1,0.0,1,0.0,0.0,,0.0,0.0,,0.0,0.0,,1.5999999999999996,-2.9759999999999946,,1.3200000000000265,0.0,0.0,,,,,,,,,,,,,
42182099999,"SAFDARJUNG, IN",2024-01-04 06:00:00+00:00,28.584511,77.205783,214.88,12.0,9.2,1020.5,,82.99,derived_from_temperature_and_dew_point,NOAA_ISD,FM-12,VALID,"{'TMP_QC': '1', 'DEW_QC': '1', 'SLP_QC': '1', 'RECORD_QC': 'V020'}",False,2026-09-16T17:43:55.397506+00:00,6,0,4,1,3,1.0,6.123233995736766e-17,0.051584366869408364,0.9986686402879997,0.43388373911755823,-0.900968867902419,10.0,9.4,9.6,89.79,94.75,94.76,1020.5,1018.3,1017.8,,,,12.0,0.0,12.0,12.0,1.0,12.0,0.0,12.0,12.0,1.0,12.0,0.0,12.0,12.0,1.0,12.0,0.0,12.0,12.0,1.0,11.0,1.4142135623730951,10.0,12.0,2.0,11.125,2.28019422731611,9.4,15.2,8.0,82.99,0.0,82.99,82.99,1.0,82.99,0.0,82.99,82.99,1.0,82.99,0.0,82.99,82.99,1.0,82.99,0.0,82.99,82.99,1.0,86.38999999999999,4.808326112068531,82.99,89.79,2.0,85.89,11.685682326187527,62.57,94.76,8.0,1020.5,0.0,1020.5,1020.5,1.0,1020.5,0.0,1020.5,1020.5,1.0,1020.5,0.0,1020.5,1020.5,1.0,1020.5,0.0,1020.5,1020.5,1.0,1020.5,0.0,1020.5,1020.5,2.0,1018.3,1.4520920868083576,1016.7,1020.5,8.0,,0.0,,,0.0,,0.0,,,0.0,,0.0,,,0.0,,0.0,,,0.0,,0.0,,,0.0,,0.0,,,0.0,180.0,2.0,0.011111111111111112,0.05555555555555556,0.6666666666666667,1.4000000000000004,-6.800000000000011,-0.03777777777777784,-0.18888888888888922,-2.2666666666666706,-1.8400000000000176,0.0,0.0,0.0,0.0,-2.2000000000000455,,,,,,1,0.0,1,1,0.0,1,2,180.0,2,0.0,0.0,,0.0,0.0,,0.0,0.0,,2.8000000000000007,-13.600000000000023,,0.0,0.0,0.0,,,,,,,,,,,,,
42182099999,"SAFDARJUNG, IN",2024-01-04 15:00:00+00:00,28.584511,77.205783,214.88,10.8,9.2,1018.2,,89.85,derived_from_temperature_and_dew_point,NOAA_ISD,FM-12,VALID,"{'TMP_QC': '1', 'DEW_QC': '1', 'SLP_QC': '1', 'RECORD_QC': 'V020'}",False,2026-09-16T17:43:55.397656+00:00,15,0,4,1,3,-0.7071067811865471,-0.7071067811865479,0.051584366869408364,0.9986686402879997,0.43388373911755823,-0.900968867902419,12.0,10.0,9.4,82.99,89.79,94.75,1020.5,1020.5,1018.3,,,,10.8,0.0,10.8,10.8,1.0,10.8,0.0,10.8,10.8,1.0,10.8,0.0,10.8,10.8,1.0,10.8,0.0,10.8,10.8,1.0,10.8,0.0,10.8,10.8,1.0,10.2,1.0276186062932067,9.4,12.0,6.0,89.85,0.0,89.85,89.85,1.0,89.85,0.0,89.85,89.85,1.0,89.85,0.0,89.85,89.85,1.0,89.85,0.0,89.85,89.85,1.0,89.85,0.0,89.85,89.85,1.0,91.14833333333333,4.670701945817886,82.99,94.76,6.0,1018.2,0.0,1018.2,1018.2,1.0,1018.2,0.0,1018.2,1018.2,1.0,1018.2,0.0,1018.2,1018.2,1.0,1018.2,0.0,1018.2,1018.2,1.0,1018.2,0.0,1018.2,1018.2,1.0,1018.8833333333333,1.2639883965713268,1017.8,1020.5,6.0,,0.0,,,0.0,,0.0,,,0.0,,0.0,,,0.0,,0.0,,,0.0,,0.0,,,0.0,,0.0,,,0.0,540.0,-1.1999999999999993,-0.002222222222222221,-0.011111111111111105,-0.13333333333333325,-3.1999999999999993,6.859999999999999,0.012703703703703703,0.06351851851851852,0.7622222222222221,13.66000000000001,-2.2999999999999545,-0.004259259259259175,-0.021296296296295876,-0.25555555555555054,-2.2999999999999545,,,,,,1,0.0,1,1,0.0,1,1,0.0,1,0.0,0.0,,0.0,0.0,,0.0,0.0,,1.6000000000000014,-8.231999999999994,,2.759999999999944,0.0,0.0,,,,,,,,,,,,,
42182099999,"SAFDARJUNG, IN",2024-01-04 18:00:00+00:00,28.584511,77.205783,214.88,10.2,9.0,1017.8,,92.26,derived_from_temperature_and_dew_point,NOAA_ISD,FM-12,VALID,"{'TMP_QC': '1', 'DEW_QC': '1', 'SLP_QC': '1', 'RECORD_QC': 'V020'}",False,2026-09-16T17:43:55.397808+00:00,18,0,4,1,3,-1.0,-1.8369701987210297e-16,0.051584366869408364,0.9986686402879997,0.43388373911755823,-0.900968867902419,10.8,12.0,10.0,89.85,82.99,89.79,1018.2,1020.5,1020.5,,,,10.2,0.0,10.2,10.2,1.0,10.2,0.0,10.2,10.2,1.0,10.2,0.0,10.2,10.2,1.0,10.2,0.0,10.2,10.2,1.0,10.5,0.4242640687119295,10.2,10.8,2.0,10.333333333333334,0.952190457139043,9.4,12.0,6.0,92.26,0.0,92.26,92.26,1.0,92.26,0.0,92.26,92.26,1.0,92.26,0.0,92.26,92.26,1.0,92.26,0.0,92.26,92.26,1.0,91.055,1.7041273426595822,89.85,92.26,2.0,90.73333333333333,4.38879786122202,82.99,94.76,6.0,1017.8,0.0,1017.8,1017.8,1.0,1017.8,0.0,1017.8,1017.8,1.0,1017.8,0.0,1017.8,1017.8,1.0,1017.8,0.0,1017.8,1017.8,1.0,1018.0,0.2828427124746833,1017.8,1018.2,2.0,1018.85,1.2942179105545963,1017.8,1020.5,6.0,,0.0,,,0.0,,0.0,,,0.0,,0.0,,,0.0,,0.0,,,0.0,,0.0,,,0.0,,0.0,,,0.0,180.0,-0.6000000000000014,-0.0033333333333333414,-0.016666666666666708,-0.20000000000000048,0.5999999999999979,2.410000000000011,0.013388888888888948,0.06694444444444474,0.8033333333333369,-4.449999999999989,-0.40000000000009095,-0.0022222222222227275,-0.011111111111113637,-0.13333333333336364,1.8999999999998636,,,,,,1,0.0,1,1,0.0,1,1,0.0,1,0.0,0.0,,0.0,0.0,,0.0,0.0,,1.1999999999999993,-1.44600000000001,,0.24000000000005514,0.0,0.0,,,,,,,,,,,,,
42182099999,"SAFDARJUNG, IN",2024-01-04 21:00:00+00:00,28.584511,77.205783,214.88,9.8,8.6,1017.5,,92.24,derived_from_temperature_and_dew_point,NOAA_ISD,FM-12,VALID,"{'TMP_QC': '1', 'DEW_QC': '1', 'SLP_QC': '1', 'RECORD_QC': 'V020'}",False,2026-09-16T17:43:55.397952+00:00,21,0,4,1,3,-0.7071067811865477,0.7071067811865474,0.051584366869408364,0.9986686402879997,0.43388373911755823,-0.900968867902419,10.2,10.8,12.0,92.26,89.85,82.99,1017.8,1018.2,1020.5,,,,9.8,0.0,9.8,9.8,1.0,9.8,0.0,9.8,9.8,1.0,9.8,0.0,9.8,9.8,1.0,9.8,0.0,9.8,9.8,1.0,10.0,0.282842712474618,9.8,10.2,2.0,10.366666666666667,0.9244818368506001,9.4,12.0,6.0,92.24,0.0,92.24,92.24,1.0,92.24,0.0,92.24,92.24,1.0,92.24,0.0,92.24,92.24,1.0,92.24,0.0,92.24,92.24,1.0,92.25,0.014142135623738184,92.24,92.26,2.0,90.31333333333333,4.032501291589002,82.99,94.75,6.0,1017.5,0.0,1017.5,1017.5,1.0,1017.5,0.0,1017.5,1017.5,1.0,1017.5,0.0,1017.5,1017.5,1.0,1017.5,0.0,1017.5,1017.5,1.0,1017.65,0.2121320343559321,1017.5,1017.8,2.0,1018.7999999999998,1.347590442233949,1017.5,1020.5,6.0,,0.0,,,0.0,,0.0,,,0.0,,0.0,,,0.0,,0.0,,,0.0,,0.0,,,0.0,,0.0,,,0.0,180.0,-0.3999999999999986,-0.0022222222222222144,-0.011111111111111072,-0.13333333333333286,0.20000000000000284,-0.020000000000010232,-0.00011111111111116796,-0.0005555555555558397,-0.0066666666666700776,-2.430000000000021,-0.2999999999999545,-0.001666666666666414,-0.00833333333333207,-0.09999999999998484,0.10000000000013642,,,,,,1,0.0,1,1,0.0,1,1,0.0,1,0.0,0.0,,0.0,0.0,,0.0,0.0,,1.200000000000001,0.008000000000004065,,0.11999999999998139,0.0,0.0,,,,,,,,,,,,,
42182099999,"SAFDARJUNG, IN",2024-01-05 00:00:00+00:00,28.584511,77.205783,214.88,9.8,8.6,1017.7,,92.24,derived_from_temperature_and_dew_point,NOAA_ISD,FM-12,VALID,"{'TMP_QC': '1', 'DEW_QC': '1', 'SLP_QC': '1', 'RECORD_QC': 'V020'}",False,2026-09-16T17:43:55.398093+00:00,0,0,5,1,4,0.0,1.0,0.06875540848113941,0.9976335468520451,-0.433883739117558,-0.9009688679024191,9.8,10.2,10.8,92.24,92.26,89.85,1017.5,1017.8,1018.2,,,,9.8,0.0,9.8,9.8,1.0,9.8,0.0,9.8,9.8,1.0,9.8,0.0,9.8,9.8,1.0,9.8,0.0,9.8,9.8,1.0,9.8,0.0,9.8,9.8,2.0,10.433333333333334,0.8524474568362906,9.8,12.0,6.0,92.24,0.0,92.24,92.24,1.0,92.24,0.0,92.24,92.24,1.0,92.24,0.0,92.24,92.24,1.0,92.24,0.0,92.24,92.24,1.0,92.24,0.0,92.24,92.24,2.0,89.895,3.585619890618678,82.99,92.26,6.0,1017.7,0.0,1017.7,1017.7,1.0,1017.7,0.0,1017.7,1017.7,1.0,1017.7,0.0,1017.7,1017.7,1.0,1017.7,0.0,1017.7,1017.7,1.0,1017.6,0.14142135623734164,1017.5,1017.7,2.0,1018.7000000000002,1.412798640996046,1017.5,1020.5,6.0,,0.0,,,0.0,,0.0,,,0.0,,0.0,,,0.0,,0.0,,,0.0,,0.0,,,0.0,,0.0,,,0.0,180.0,0.0,0.0,0.0,0.0,0.3999999999999986,0.0,0.0,0.0,0.0,0.020000000000010232,0.20000000000004547,0.0011111111111113637,0.005555555555556819,0.06666666666668182,0.5,,,,,,2,180.0,2,2,180.0,2,1,0.0,1,0.0,0.0,,0.0,0.0,,0.0,0.0,,1.200000000000001,0.0,,0.0,0.0,0.0,,,,,,,,,,,,,
42182099999,"SAFDARJUNG, IN",2024-01-05 03:00:00+00:00,28.584511,77.205783,214.88,11.6,10.4,1019.4,,92.34,derived_from_temperature_and_dew_point,NOAA_ISD,FM-12,VALID,"{'TMP_QC': '1', 'DEW_QC': '1', 'SLP_QC': '1', 'RECORD_QC': 'V020'}",False,2026-09-16T17:43:55.398236+00:00,3,0,5,1,4,0.7071067811865476,0.7071067811865476,0.06875540848113941,0.9976335468520451,-0.433883739117558,-0.9009688679024191,9.8,9.8,10.2,92.24,92.24,92.26,1017.7,1017.5,1017.8,,,,11.6,0.0,11.6,11.6,1.0,11.6,0.0,11.6,11.6,1.0,11.6,0.0,11.6,11.6,1.0,11.6,0.0,11.6,11.6,1.0,10.7,1.2727922061357855,9.8,11.6,2.0,10.700000000000001,0.9359487165438041,9.8,12.0,6.0,92.34,0.0,92.34,92.34,1.0,92.34,0.0,92.34,92.34,1.0,92.34,0.0,92.34,92.34,1.0,92.34,0.0,92.34,92.34,1.0,92.28999999999999,0.0707106781186658,92.24,92.34,2.0,90.32,3.7193171416269823,82.99,92.34,6.0,1019.4,0.0,1019.4,1019.4,1.0,1019.4,0.0,1019.4,1019.4,1.0,1019.4,0.0,1019.4,1019.4,1.0,1019.4,0.0,1019.4,1019.4,1.0,1018.55,1.2020815280171229,1017.7,1019.4,2.0,1018.5166666666668,1.1856081421224134,1017.5,1020.5,6.0,,0.0,,,0.0,,0.0,,,0.0,,0.0,,,0.0,,0.0,,,0.0,,0.0,,,0.0,,0.0,,,0.0,180.0,1.799999999999999,0.009999999999999993,0.04999999999999997,0.5999999999999996,1.799999999999999,0.10000000000000853,0.0005555555555556029,0.0027777777777780147,0.03333333333333618,0.10000000000000853,1.6999999999999318,0.009444444444444065,0.04722222222222032,0.5666666666666439,1.4999999999998863,,,,,,1,0.0,1,1,0.0,1,1,0.0,1,0.0,0.0,,0.0,0.0,,0.0,0.0,,1.1999999999999993,0.18000000000001523,,3.0599999999998753,0.0,0.0,,,,,,,,,,,,,
42182099999,"SAFDARJUNG, IN",2024-01-05 06:00:00+00:00,28.584511,77.205783,214.88,13.4,11.1,1019.8,,85.97,derived_from_temperature_and_dew_point,NOAA_ISD,FM-12,VALID,"{'TMP_QC': '1', 'DEW_QC': '1', 'SLP_QC': '1', 'RECORD_QC': 'V020'}",False,2026-09-16T17:43:55.398379+00:00,6,0,5,1,4,1.0,6.123233995736766e-17,0.06875540848113941,0.9976335468520451,-0.433883739117558,-0.9009688679024191,11.6,9.8,9.8,92.34,92.24,92.24,1019.4,1017.7,1017.5,,,,13.4,0.0,13.4,13.4,1.0,13.4,0.0,13.4,13.4,1.0,13.4,0.0,13.4,13.4,1.0,13.4,0.0,13.4,13.4,1.0,12.5,1.272792206135786,11.6,13.4,2.0,10.933333333333332,1.3894843168120545,9.8,13.4,6.0,85.97,0.0,85.97,85.97,1.0,85.97,0.0,85.97,85.97,1.0,85.97,0.0,85.97,85.97,1.0,85.97,0.0,85.97,85.97,1.0,89.155,4.5042701961583065,85.97,92.34,2.0,90.81666666666666,2.564376467421851,85.97,92.34,6.0,1019.8,0.0,1019.8,1019.8,1.0,1019.8,0.0,1019.8,1019.8,1.0,1019.8,0.0,1019.8,1019.8,1.0,1019.8,0.0,1019.8,1019.8,1.0,1019.5999999999999,0.28284271247464315,1019.4,1019.8,2.0,1018.4000000000001,0.965401470891912,1017.5,1019.8,6.0,,0.0,,,0.0,,0.0,,,0.0,,0.0,,,0.0,,0.0,,,0.0,,0.0,,,0.0,,0.0,,,0.0,180.0,1.8000000000000007,0.010000000000000004,0.05000000000000002,0.6000000000000002,1.7763568394002505e-15,-6.3700000000000045,-0.035388888888888914,-0.17694444444444457,-2.123333333333335,-6.470000000000013,0.39999999999997726,0.002222222222222096,0.01111111111111048,0.13333333333332575,-1.2999999999999545,,,,,,1,0.0,1,1,0.0,1,1,0.0,1,0.0,0.0,,0.0,0.0,,0.0,0.0,,2.3000000000000007,-11.466000000000014,,0.7199999999999593,0.0,0.0,,,,,,,,,,,,,
42182099999,"SAFDARJUNG, IN",2024-01-05 09:00:00+00:00,28.584511,77.205783,214.88,14.0,11.8,1017.3,,86.6,derived_from_temperature_and_dew_point,NOAA_ISD,FM-12,VALID,"{'TMP_QC': '1', 'DEW_QC': '1', 'SLP_QC': '1', 'RECORD_QC': 'V020'}",False,2026-09-16T17:43:55.398519+00:00,9,0,5,1,4,0.7071067811865476,-0.7071067811865475,0.06875540848113941,0.9976335468520451,-0.433883739117558,-0.9009688679024191,13.4,11.6,9.8,85.97,92.34,92.24,1019.8,1019.4,1017.7,,,,14.0,0.0,14.0,14.0,1.0,14.0,0.0,14.0,14.0,1.0,14.0,0.0,14.0,14.0,1.0,14.0,0.0,14.0,14.0,1.0,13.7,0.4242640687119289,13.4,14.0,2.0,11.37142857142857,1.7182493859684482,9.8,14.0,7.0,86.6,0.0,86.6,86.6,1.0,86.6,0.0,86.6,86.6,1.0,86.6,0.0,86.6,86.6,1.0,86.6,0.0,86.6,86.6,1.0,86.285,0.4454772721475217,85.97,86.6,2.0,90.21428571428571,2.831971381345892,85.97,92.34,7.0,1017.3,0.0,1017.3,1017.3,1.0,1017.3,0.0,1017.3,1017.3,1.0,1017.3,0.0,1017.3,1017.3,1.0,1017.3,0.0,1017.3,1017.3,1.0,1018.55,1.767766952966348,1017.3,1019.8,2.0,1018.2428571428572,0.974435123301722,1017.3,1019.8,7.0,,0.0,,,0.0,,0.0,,,0.0,,0.0,,,0.0,,0.0,,,0.0,,0.0,,,0.0,,0.0,,,0.0,180.0,0.5999999999999996,0.0033333333333333314,0.016666666666666656,0.19999999999999987,-1.200000000000001,0.6299999999999955,0.003499999999999975,0.017499999999999873,0.2099999999999985,7.0,-2.5,-0.013888888888888888,-0.06944444444444445,-0.8333333333333333,-2.8999999999999773,,,,,,1,0.0,1,1,0.0,1,1,0.0,1,0.0,0.0,,0.0,0.0,,0.0,0.0,,2.1999999999999993,0.37799999999999706,,-1.4999999999999991,0.0,0.0,,,,,,,,,,,,,
42182099999,"SAFDARJUNG, IN",2024-01-05 12:00:00+00:00,28.584511,77.205783,214.88,13.0,11.9,1017.4,,93.04,derived_from_temperature_and_dew_point,NOAA_ISD,FM-12,VALID,"{'TMP_QC': '1', 'DEW_QC': '1', 'SLP_QC': '1', 'RECORD_QC': 'V020'}",False,2026-09-16T17:43:55.398676+00:00,12,0,5,1,4,1.2246467991473532e-16,-1.0,0.06875540848113941,0.9976335468520451,-0.433883739117558,-0.9009688679024191,14.0,13.4,11.6,86.6,85.97,92.34,1017.3,1019.8,1019.4,,,,13.0,0.0,13.0,13.0,1.0,13.0,0.0,13.0,13.0,1.0,13.0,0.0,13.0,13.0,1.0,13.0,0.0,13.0,13.0,1.0,13.5,0.7071067811865476,13.0,14.0,2.0,11.575,1.69178688289715,9.8,14.0,8.0,93.04,0.0,93.04,93.04,1.0,93.04,0.0,93.04,93.04,1.0,93.04,0.0,93.04,93.04,1.0,93.04,0.0,93.04,93.04,1.0,89.82,4.5537676708413795,86.6,93.04,2.0,90.5675,2.8057835676637026,85.97,93.04,8.0,1017.4,0.0,1017.4,1017.4,1.0,1017.4,0.0,1017.4,1017.4,1.0,1017.4,0.0,1017.4,1017.4,1.0,1017.4,0.0,1017.4,1017.4,1.0,1017.3499999999999,0.07071067811871103,1017.3,1017.4,2.0,1018.1375,0.9500939803139374,1017.3,1019.8,8.0,,0.0,,,0.0,,0.0,,,0.0,,0.0,,,0.0,,0.0,,,0.0,,0.0,,,0.0,,0.0,,,0.0,180.0,-1.0,-0.005555555555555556,-0.02777777777777778,-0.33333333333333337,-1.5999999999999996,6.440000000000012,0.035777777777777846,0.17888888888888924,2.146666666666671,5.8100000000000165,0.10000000000002274,0.0005555555555556819,0.0027777777777784093,0.03333333333334091,2.6000000000000227,,,,,,1,0.0,1,1,0.0,1,1,0.0,1,0.0,0.0,,0.0,0.0,,0.0,0.0,,1.0999999999999996,-6.440000000000012,,-0.10000000000002274,0.0,0.0,,,,,,,,,,,,,
42182099999,"SAFDARJUNG, IN",2024-01-05 15:00:00+00:00,28.584511,77.205783,214.88,12.6,11.5,1019.3,,93.01,derived_from_temperature_and_dew_point,NOAA_ISD,FM-12,VALID,"{'TMP_QC': '1', 'DEW_QC': '1', 'SLP_QC': '1', 'RECORD_QC': 'V020'}",False,2026-09-16T17:43:55.398833+00:00,15,0,5,1,4,-0.7071067811865471,-0.7071067811865479,0.06875540848113941,0.9976335468520451,-0.433883739117558,-0.9009688679024191,13.0,14.0,13.4,93.04,86.6,85.97,1017.4,1017.3,1019.8,,,,12.6,0.0,12.6,12.6,1.0,12.6,0.0,12.6,12.6,1.0,12.6,0.0,12.6,12.6,1.0,12.6,0.0,12.6,12.6,1.0,12.8,0.2828427124746199,12.6,13.0,2.0,11.8,1.693685752603306,9.8,14.0,8.0,93.01,0.0,93.01,93.01,1.0,93.01,0.0,93.01,93.01,1.0,93.01,0.0,93.01,93.01,1.0,93.01,0.0,93.01,93.01,1.0,93.025,0.02121320343559723,93.01,93.04,2.0,90.9625,2.9108111289761927,85.97,93.04,8.0,1019.3,0.0,1019.3,1019.3,1.0,1019.3,0.0,1019.3,1019.3,1.0,1019.3,0.0,1019.3,1019.3,1.0,1019.3,0.0,1019.3,1019.3,1.0,1018.3499999999999,1.343502884254511,1017.4,1019.3,2.0,1018.275,1.0361329203203609,1017.3,1019.8,8.0,,0.0,,,0.0,,0.0,,,0.0,,0.0,,,0.0,,0.0,,,0.0,,0.0,,,0.0,,0.0,,,0.0,180.0,-0.40000000000000036,-0.0022222222222222244,-0.011111111111111122,-0.13333333333333347,0.5999999999999996,-0.030000000000001137,-0.00016666666666667298,-0.0008333333333333649,-0.010000000000000378,-6.470000000000013,1.8999999999999773,0.01055555555555543,0.052777777777777146,0.6333333333333258,1.7999999999999545,,,,,,1,0.0,1,1,0.0,2,1,0.0,1,0.0,0.0,,0.0,0.0,,0.0,0.0,,1.0999999999999996,0.012000000000000465,,-0.7599999999999916,0.0,0.0,,,,,,,,,,,,,
42182099999,"SAFDARJUNG, IN",2024-01-05 18:00:00+00:00,28.584511,77.205783,214.88,11.6,11.2,1019.6,,97.39,derived_from_temperature_and_dew_point,NOAA_ISD,FM-12,VALID,"{'TMP_QC': '1', 'DEW_QC': '1', 'SLP_QC': '1', 'RECORD_QC': 'V020'}",False,2026-09-16T17:43:55.398980+00:00,18,0,5,1,4,-1.0,-1.8369701987210297e-16,0.06875540848113941,0.9976335468520451,-0.433883739117558,-0.9009688679024191,12.6,13.0,14.0,93.01,93.04,86.6,1019.3,1017.4,1017.3,,,,11.6,0.0,11.6,11.6,1.0,11.6,0.0,11.6,11.6,1.0,11.6,0.0,11.6,11.6,1.0,11.6,0.0,11.6,11.6,1.0,12.1,0.7071067811865476,11.6,12.6,2.0,11.975,1.5727591769153433,9.8,14.0,8.0,97.39,0.0,97.39,97.39,1.0,97.39,0.0,97.39,97.39,1.0,97.39,0.0,97.39,97.39,1.0,97.39,0.0,97.39,97.39,1.0,95.2,3.097127701597075,93.01,97.39,2.0,91.60374999999999,3.696511627776373,85.97,97.39,8.0,1019.6,0.0,1019.6,1019.6,1.0,1019.6,0.0,1019.6,1019.6,1.0,1019.6,0.0,1019.6,1019.6,1.0,1019.6,0.0,1019.6,1019.6,1.0,1019.45,0.21213203435715164,1019.3,1019.6,2.0,1018.4999999999999,1.1109841197271138,1017.3,1019.8,8.0,,0.0,,,0.0,,0.0,,,0.0,,0.0,,,0.0,,0.0,,,0.0,,0.0,,,0.0,,0.0,,,0.0,180.0,-1.0,-0.005555555555555556,-0.02777777777777778,-0.33333333333333337,-0.5999999999999996,4.3799999999999955,0.024333333333333308,0.12166666666666653,1.4599999999999984,4.409999999999997,0.3000000000000682,0.0016666666666670456,0.008333333333335228,0.10000000000002274,-1.599999999999909,,,,,,1,0.0,1,1,0.0,1,1,0.0,1,0.0,0.0,,0.0,0.0,,0.0,0.0,,0.40000000000000036,-4.3799999999999955,,-0.3000000000000682,0.0,0.0,,,,,,,,,,,,,
42182099999,"SAFDARJUNG, IN",2024-01-05 21:00:00+00:00,28.584511,77.205783,214.88,10.4,10.4,1019.2,,100.0,derived_from_temperature_and_dew_point,NOAA_ISD,FM-12,VALID,"{'TMP_QC': '1', 'DEW_QC': '1', 'SLP_QC': '1', 'RECORD_QC': 'V020'}",False,2026-09-16T17:43:55.399116+00:00,21,0,5,1,4,-0.7071067811865477,0.7071067811865474,0.06875540848113941,0.9976335468520451,-0.433883739117558,-0.9009688679024191,11.6,12.6,13.0,97.39,93.01,93.04,1019.6,1019.3,1017.4,,,,10.4,0.0,10.4,10.4,1.0,10.4,0.0,10.4,10.4,1.0,10.4,0.0,10.4,10.4,1.0,10.4,0.0,10.4,10.4,1.0,11.0,0.8485281374238566,10.4,11.6,2.0,12.05,1.4648256844124101,9.8,14.0,8.0,100.0,0.0,100.0,100.0,1.0,100.0,0.0,100.0,100.0,1.0,100.0,0.0,100.0,100.0,1.0,100.0,0.0,100.0,100.0,1.0,98.695,1.8455486988968937,97.39,100.0,2.0,92.57374999999999,4.754161898499364,85.97,100.0,8.0,1019.2,0.0,1019.2,1019.2,1.0,1019.2,0.0,1019.2,1019.2,1.0,1019.2,0.0,1019.2,1019.2,1.0,1019.2,0.0,1019.2,1019.2,1.0,1019.4000000000001,0.2828427124754372,1019.2,1019.6,2.0,1018.7125000000001,1.0534806256270248,1017.3,1019.8,8.0,,0.0,,,0.0,,0.0,,,0.0,,0.0,,,0.0,,0.0,,,0.0,,0.0,,,0.0,,0.0,,,0.0,180.0,-1.1999999999999993,-0.006666666666666663,-0.03333333333333331,-0.39999999999999974,-0.1999999999999993,2.6099999999999994,0.014499999999999997,0.07249999999999998,0.8699999999999999,-1.769999999999996,-0.39999999999997726,-0.002222222222222096,-0.01111111111111048,-0.13333333333332575,-0.7000000000000455,,,,,,1,0.0,1,1,0.0,1,1,0.0,1,0.0,0.0,,0.0,0.0,,0.0,0.0,,0.0,-3.1319999999999975,,0.47999999999997245,0.0,0.0,,,,,,,,,,,,,
42182099999,"SAFDARJUNG, IN",2024-01-06 00:00:00+00:00,28.584511,77.205783,214.88,9.6,9.6,1018.8,,100.0,derived_from_temperature_and_dew_point,NOAA_ISD,FM-12,VALID,"{'TMP_QC': '1', 'DEW_QC': '1', 'SLP_QC': '1', 'RECORD_QC': 'V020'}",False,2026-09-16T17:43:55.399252+00:00,0,0,6,1,5,0.0,1.0,0.08590610426133272,0.9963032375991965,-0.9749279121818236,-0.2225209339563146,10.4,11.6,12.6,100.0,97.39,93.01,1019.2,1019.6,1019.3,,,,9.6,0.0,9.6,9.6,1.0,9.6,0.0,9.6,9.6,1.0,9.6,0.0,9.6,9.6,1.0,9.6,0.0,9.6,9.6,1.0,10.0,0.5656854249492386,9.6,10.4,2.0,12.025,1.5097303448913366,9.6,14.0,8.0,100.0,0.0,100.0,100.0,1.0,100.0,0.0,100.0,100.0,1.0,100.0,0.0,100.0,100.0,1.0,100.0,0.0,100.0,100.0,1.0,100.0,0.0,100.0,100.0,2.0,93.54375,5.421188424005537,85.97,100.0,8.0,1018.8,0.0,1018.8,1018.8,1.0,1018.8,0.0,1018.8,1018.8,1.0,1018.8,0.0,1018.8,1018.8,1.0,1018.8,0.0,1018.8,1018.8,1.0,1019.0,0.282842712475397,1018.8,1019.2,2.0,1018.8499999999999,0.9710083124552554,1017.3,1019.8,8.0,,0.0,,,0.0,,0.0,,,0.0,,0.0,,,0.0,,0.0,,,0.0,,0.0,,,0.0,,0.0,,,0.0,180.0,-0.8000000000000007,-0.004444444444444449,-0.022222222222222244,-0.26666666666666694,0.3999999999999986,0.0,0.0,0.0,0.0,-2.6099999999999994,-0.40000000000009095,-0.0022222222222227275,-0.011111111111113637,-0.13333333333336364,-1.1368683772161603e-13,,,,,,1,0.0,1,2,180.0,2,1,0.0,1,0.0,0.0,,0.0,0.0,,0.0,0.0,,0.0,-0.0,,0.32000000000007306,0.0,0.0,,,,,,,,,,,,,
42182099999,"SAFDARJUNG, IN",2024-01-06 03:00:00+00:00,28.584511,77.205783,214.88,10.4,10.4,1020.7,,100.0,derived_from_temperature_and_dew_point,NOAA_ISD,FM-12,VALID,"{'TMP_QC': '1', 'DEW_QC': '1', 'SLP_QC': '1', 'RECORD_QC': 'V020'}",False,2026-09-16T17:43:55.399393+00:00,3,0,6,1,5,0.7071067811865476,0.7071067811865476,0.08590610426133272,0.9963032375991965,-0.9749279121818236,-0.2225209339563146,9.6,10.4,11.6,100.0,100.0,97.39,1018.8,1019.2,1019.6,,,,10.4,0.0,10.4,10.4,1.0,10.4,0.0,10.4,10.4,1.0,10.4,0.0,10.4,10.4,1.0,10.4,0.0,10.4,10.4,1.0,10.0,0.5656854249492386,9.6,10.4,2.0,11.875,1.6140012391568967,9.6,14.0,8.0,100.0,0.0,100.0,100.0,1.0,100.0,0.0,100.0,100.0,1.0,100.0,0.0,100.0,100.0,1.0,100.0,0.0,100.0,100.0,1.0,100.0,0.0,100.0,100.0,2.0,94.50125,5.838599238809663,85.97,100.0,8.0,1020.7,0.0,1020.7,1020.7,1.0,1020.7,0.0,1020.7,1020.7,1.0,1020.7,0.0,1020.7,1020.7,1.0,1020.7,0.0,1020.7,1020.7,1.0,1019.75,1.3435028842546548,1018.8,1020.7,2.0,1019.0125,1.1655011184648816,1017.3,1020.7,8.0,,0.0,,,0.0,,0.0,,,0.0,,0.0,,,0.0,,0.0,,,0.0,,0.0,,,0.0,,0.0,,,0.0,180.0,0.8000000000000007,0.004444444444444449,0.022222222222222244,0.26666666666666694,1.6000000000000014,0.0,0.0,0.0,0.0,0.0,1.900000000000091,0.01055555555555606,0.0527777777777803,0.6333333333333636,2.300000000000182,,,,,,1,0.0,1,3,360.0,3,1,0.0,1,0.0,0.0,,0.0,0.0,,0.0,0.0,,0.0,0.0,,1.5200000000000742,0.0,0.0,,,,,,,,,,,,,
42182099999,"SAFDARJUNG, IN",2024-01-06 06:00:00+00:00,28.584511,77.205783,214.88,12.8,9.3,1021.6,,79.28,derived_from_temperature_and_dew_point,NOAA_ISD,FM-12,VALID,"{'TMP_QC': '1', 'DEW_QC': '1', 'SLP_QC': '1', 'RECORD_QC': 'V020'}",False,2026-09-16T17:43:55.399530+00:00,6,0,6,1,5,1.0,6.123233995736766e-17,0.08590610426133272,0.9963032375991965,-0.9749279121818236,-0.2225209339563146,10.4,9.6,10.4,100.0,100.0,100.0,1020.7,1018.8,1019.2,,,,12.8,0.0,12.8,12.8,1.0,12.8,0.0,12.8,12.8,1.0,12.8,0.0,12.8,12.8,1.0,12.8,0.0,12.8,12.8,1.0,11.600000000000001,1.6970562748477136,10.4,12.8,2.0,11.8,1.5455003812912589,9.6,14.0,8.0,79.28,0.0,79.28,79.28,1.0,79.28,0.0,79.28,79.28,1.0,79.28,0.0,79.28,79.28,1.0,79.28,0.0,79.28,79.28,1.0,89.64,14.651252506185264,79.28,100.0,2.0,93.66499999999999,7.4826885924398026,79.28,100.0,8.0,1021.6,0.0,1021.6,1021.6,1.0,1021.6,0.0,1021.6,1021.6,1.0,1021.6,0.0,1021.6,1021.6,1.0,1021.6,0.0,1021.6,1021.6,1.0,1021.1500000000001,0.6363961030681536,1020.7,1021.6,2.0,1019.2375,1.4725463853959988,1017.3,1021.6,8.0,,0.0,,,0.0,,0.0,,,0.0,,0.0,,,0.0,,0.0,,,0.0,,0.0,,,0.0,,0.0,,,0.0,180.0,2.4000000000000004,0.013333333333333336,0.06666666666666668,0.8000000000000002,1.5999999999999996,-20.72,-0.11511111111111111,-0.5755555555555556,-6.906666666666666,-20.72,0.8999999999999773,0.0049999999999998735,0.024999999999999366,0.2999999999999924,-1.0000000000001137,,,,,,1,0.0,1,1,0.0,1,1,0.0,1,0.0,0.0,,0.0,0.0,,0.0,0.0,,3.5,-49.728,,2.159999999999946,0.0,0.0,,,,,,,,,,,,,
42182099999,"SAFDARJUNG, IN",2024-01-06 09:00:00+00:00,28.584511,77.205783,214.88,14.7,9.4,1019.0,,70.54,derived_from_temperature_and_dew_point,NOAA_ISD,FM-12,VALID,"{'TMP_QC': '1', 'DEW_QC': '1', 'SLP_QC': '1', 'RECORD_QC': 'V020'}",False,2026-09-16T17:43:55.399671+00:00,9,0,6,1,5,0.7071067811865476,-0.7071067811865475,0.08590610426133272,0.9963032375991965,-0.9749279121818236,-0.2225209339563146,12.8,10.4,9.6,79.28,100.0,100.0,1021.6,1020.7,1018.8,,,,14.7,0.0,14.7,14.7,1.0,14.7,0.0,14.7,14.7,1.0,14.7,0.0,14.7,14.7,1.0,14.7,0.0,14.7,14.7,1.0,13.75,1.3435028842544392,12.8,14.7,2.0,11.887500000000001,1.6999474781802602,9.6,14.7,8.0,70.54,0.0,70.54,70.54,1.0,70.54,0.0,70.54,70.54,1.0,70.54,0.0,70.54,70.54,1.0,70.54,0.0,70.54,70.54,1.0,74.91,6.180113267570417,70.54,79.28,2.0,91.6575,10.984049149302173,70.54,100.0,8.0,1019.0,0.0,1019.0,1019.0,1.0,1019.0,0.0,1019.0,1019.0,1.0,1019.0,0.0,1019.0,1019.0,1.0,1019.0,0.0,1019.0,1019.0,1.0,1020.3,1.838477631085188,1019.0,1021.6,2.0,1019.4499999999999,1.2603854285778124,1017.4,1021.6,8.0,,0.0,,,0.0,,0.0,,,0.0,,0.0,,,0.0,,0.0,,,0.0,,0.0,,,0.0,,0.0,,,0.0,180.0,1.8999999999999986,0.010555555555555547,0.052777777777777736,0.6333333333333329,-0.5000000000000018,-8.739999999999995,-0.048555555555555525,-0.24277777777777762,-2.9133333333333313,11.980000000000004,-2.6000000000000227,-0.01444444444444457,-0.07222222222222285,-0.8666666666666742,-3.5,,,,,,1,0.0,1,1,0.0,1,1,0.0,1,0.0,0.0,,0.0,0.0,,0.0,0.0,,5.299999999999999,-16.605999999999977,,-4.9400000000000395,0.0,0.0,,,,,,,,,,,,,
42182099999,"SAFDARJUNG, IN",2024-01-06 12:00:00+00:00,28.584511,77.205783,214.88,13.5,9.5,1019.2,,76.76,derived_from_temperature_and_dew_point,NOAA_ISD,FM-12,VALID,"{'TMP_QC': '1', 'DEW_QC': '1', 'SLP_QC': '1', 'RECORD_QC': 'V020'}",False,2026-09-16T17:43:55.399810+00:00,12,0,6,1,5,1.2246467991473532e-16,-1.0,0.08590610426133272,0.9963032375991965,-0.9749279121818236,-0.2225209339563146,14.7,12.8,10.4,70.54,79.28,100.0,1019.0,1021.6,1020.7,,,,13.5,0.0,13.5,13.5,1.0,13.5,0.0,13.5,13.5,1.0,13.5,0.0,13.5,13.5,1.0,13.5,0.0,13.5,13.5,1.0,14.1,0.8485281374238566,13.5,14.7,2.0,11.950000000000001,1.7549928774784238,9.6,14.7,8.0,76.76,0.0,76.76,76.76,1.0,76.76,0.0,76.76,76.76,1.0,76.76,0.0,76.76,76.76,1.0,76.76,0.0,76.76,76.76,1.0,73.65,4.398204178980325,70.54,76.76,2.0,89.6225,12.138720513888014,70.54,100.0,8.0,1019.2,0.0,1019.2,1019.2,1.0,1019.2,0.0,1019.2,1019.2,1.0,1019.2,0.0,1019.2,1019.2,1.0,1019.2,0.0,1019.2,1019.2,1.0,1019.1,0.14142135624019483,1019.0,1019.2,2.0,1019.675,0.9691675367475936,1018.8,1021.6,8.0,,0.0,,,0.0,,0.0,,,0.0,,0.0,,,0.0,,0.0,,,0.0,,0.0,,,0.0,,0.0,,,0.0,180.0,-1.1999999999999993,-0.006666666666666663,-0.03333333333333331,-0.39999999999999974,-3.099999999999998,6.219999999999999,0.03455555555555555,0.17277777777777775,2.073333333333333,14.959999999999994,0.20000000000004547,0.0011111111111113637,0.005555555555556819,0.06666666666668182,2.800000000000068,,,,,,1,0.0,1,1,0.0,1,1,0.0,1,0.0,0.0,,0.0,0.0,,0.0,0.0,,4.0,-7.463999999999994,,-0.24000000000005442,0.0,0.0,,,,,,,,,,,,,
42182099999,"SAFDARJUNG, IN",2024-01-06 15:00:00+00:00,28.584511,77.205783,214.88,11.7,9.0,1020.7,,83.52,derived_from_temperature_and_dew_point,NOAA_ISD,FM-12,VALID,"{'TMP_QC': '1', 'DEW_QC': '1', 'SLP_QC': '1', 'RECORD_QC': 'V020'}",False,2026-09-16T17:43:55.399945+00:00,15,0,6,1,5,-0.7071067811865471,-0.7071067811865479,0.08590610426133272,0.9963032375991965,-0.9749279121818236,-0.2225209339563146,13.5,14.7,12.8,76.76,70.54,79.28,1019.2,1019.0,1021.6,,,,11.7,0.0,11.7,11.7,1.0,11.7,0.0,11.7,11.7,1.0,11.7,0.0,11.7,11.7,1.0,11.7,0.0,11.7,11.7,1.0,12.6,1.272792206135786,11.7,13.5,2.0,11.837499999999999,1.7361184126830578,9.6,14.7,8.0,83.52,0.0,83.52,83.52,1.0,83.52,0.0,83.52,83.52,1.0,83.52,0.0,83.52,83.52,1.0,83.52,0.0,83.52,83.52,1.0,80.14,4.780041840821055,76.76,83.52,2.0,88.43625,12.223791716508071,70.54,100.0,8.0,1020.7,0.0,1020.7,1020.7,1.0,1020.7,0.0,1020.7,1020.7,1.0,1020.7,0.0,1020.7,1020.7,1.0,1020.7,0.0,1020.7,1020.7,1.0,1019.95,1.0606601717800195,1019.2,1020.7,2.0,1019.85,1.0169983846030912,1018.8,1021.6,8.0,,0.0,,,0.0,,0.0,,,0.0,,0.0,,,0.0,,0.0,,,0.0,,0.0,,,0.0,,0.0,,,0.0,180.0,-1.8000000000000007,-0.010000000000000004,-0.05000000000000002,-0.6000000000000002,-0.6000000000000014,6.759999999999991,0.0375555555555555,0.18777777777777752,2.2533333333333303,0.539999999999992,1.5,0.008333333333333333,0.041666666666666664,0.5,1.2999999999999545,,,,,,1,0.0,1,1,0.0,1,1,0.0,1,0.0,0.0,,0.0,0.0,,0.0,0.0,,2.6999999999999993,-12.167999999999989,,-2.700000000000001,0.0,0.0,,,,,,,,,,,,,
42182099999,"SAFDARJUNG, IN",2024-01-06 18:00:00+00:00,28.584511,77.205783,214.88,8.4,7.6,1020.9,,94.71,derived_from_temperature_and_dew_point,NOAA_ISD,FM-12,VALID,"{'TMP_QC': '1', 'DEW_QC': '1', 'SLP_QC': '1', 'RECORD_QC': 'V020'}",False,2026-09-16T17:43:55.400086+00:00,18,0,6,1,5,-1.0,-1.8369701987210297e-16,0.08590610426133272,0.9963032375991965,-0.9749279121818236,-0.2225209339563146,11.7,13.5,14.7,83.52,76.76,70.54,1020.7,1019.2,1019.0,,,,8.4,0.0,8.4,8.4,1.0,8.4,0.0,8.4,8.4,1.0,8.4,0.0,8.4,8.4,1.0,8.4,0.0,8.4,8.4,1.0,10.05,2.3334523779156067,8.4,11.7,2.0,11.4375,2.123970338775943,8.4,14.7,8.0,94.71,0.0,94.71,94.71,1.0,94.71,0.0,94.71,94.71,1.0,94.71,0.0,94.71,94.71,1.0,94.71,0.0,94.71,94.71,1.0,89.115,7.912524881477466,83.52,94.71,2.0,88.10125000000001,11.977598659282963,70.54,100.0,8.0,1020.9,0.0,1020.9,1020.9,1.0,1020.9,0.0,1020.9,1020.9,1.0,1020.9,0.0,1020.9,1020.9,1.0,1020.9,0.0,1020.9,1020.9,1.0,1020.8,0.14142135623730148,1020.7,1020.9,2.0,1020.0125,1.0736286934634578,1018.8,1021.6,8.0,,0.0,,,0.0,,0.0,,,0.0,,0.0,,,0.0,,0.0,,,0.0,,0.0,,,0.0,,0.0,,,0.0,180.0,-3.299999999999999,-0.018333333333333326,-0.09166666666666663,-1.0999999999999996,-1.4999999999999982,11.189999999999998,0.062166666666666655,0.3108333333333333,3.729999999999999,4.430000000000007,0.1999999999999318,0.001111111111110732,0.005555555555553661,0.06666666666664392,-1.3000000000000682,,,,,,1,0.0,1,1,0.0,1,1,0.0,1,0.0,0.0,,0.0,0.0,,0.0,0.0,,0.8000000000000007,-36.92699999999998,,-0.6599999999997747,0.0,0.0,,,,,,,,,,,,,
42182099999,"SAFDARJUNG, IN",2024-01-06 21:00:00+00:00,28.584511,77.205783,214.88,8.0,7.1,1020.5,,94.05,derived_from_temperature_and_dew_point,NOAA_ISD,FM-12,VALID,"{'TMP_QC': '1', 'DEW_QC': '1', 'SLP_QC': '1', 'RECORD_QC': 'V020'}",False,2026-09-16T17:43:55.400223+00:00,21,0,6,1,5,-0.7071067811865477,0.7071067811865474,0.08590610426133272,0.9963032375991965,-0.9749279121818236,-0.2225209339563146,8.4,11.7,13.5,94.71,83.52,76.76,1020.9,1020.7,1019.2,,,,8.0,0.0,8.0,8.0,1.0,8.0,0.0,8.0,8.0,1.0,8.0,0.0,8.0,8.0,1.0,8.0,0.0,8.0,8.0,1.0,8.2,0.2828427124746186,8.0,8.4,2.0,11.1375,2.4377609750401215,8.0,14.7,8.0,94.05,0.0,94.05,94.05,1.0,94.05,0.0,94.05,94.05,1.0,94.05,0.0,94.05,94.05,1.0,94.05,0.0,94.05,94.05,1.0,94.38,0.46669047558311894,94.05,94.71,2.0,87.3575,11.298686080374877,70.54,100.0,8.0,1020.5,0.0,1020.5,1020.5,1.0,1020.5,0.0,1020.5,1020.5,1.0,1020.5,0.0,1020.5,1020.5,1.0,1020.5,0.0,1020.5,1020.5,1.0,1020.7,0.28284271247458287,1020.5,1020.9,2.0,1020.175,1.0306031521115437,1018.8,1021.6,8.0,,0.0,,,0.0,,0.0,,,0.0,,0.0,,,0.0,,0.0,,,0.0,,0.0,,,0.0,,0.0,,,0.0,180.0,-0.40000000000000036,-0.0022222222222222244,-0.011111111111111122,-0.13333333333333347,2.8999999999999986,-0.6599999999999966,-0.0036666666666666475,-0.018333333333333236,-0.21999999999999886,-11.849999999999994,-0.39999999999997726,-0.002222222222222096,-0.01111111111111048,-0.13333333333332575,-0.599999999999909,,,,,,1,0.0,1,1,0.0,1,1,0.0,1,0.0,0.0,,0.0,0.0,,0.0,0.0,,0.9000000000000004,0.26399999999999885,,0.15999999999999104,0.0,0.0,,,,,,,,,,,,,
42182099999,"SAFDARJUNG, IN",2024-01-07 00:00:00+00:00,28.584511,77.205783,214.88,9.8,7.7,1020.5,,86.77,derived_from_temperature_and_dew_point,NOAA_ISD,FM-12,VALID,"{'TMP_QC': '1', 'DEW_QC': '1', 'SLP_QC': '1', 'RECORD_QC': 'V020'}",False,2026-09-16T17:43:55.400360+00:00,0,0,7,1,6,0.0,1.0,0.10303137904317879,0.9946781061893646,-0.7818314824680299,0.6234898018587334,8.0,8.4,11.7,94.05,94.71,83.52,1020.5,1020.9,1020.7,,,,9.8,0.0,9.8,9.8,1.0,9.8,0.0,9.8,9.8,1.0,9.8,0.0,9.8,9.8,1.0,9.8,0.0,9.8,9.8,1.0,8.9,1.272792206135786,8.0,9.8,2.0,11.1625,2.420706803512441,8.0,14.7,8.0,86.77,0.0,86.77,86.77,1.0,86.77,0.0,86.77,86.77,1.0,86.77,0.0,86.77,86.77,1.0,86.77,0.0,86.77,86.77,1.0,90.41,5.147737367038067,86.77,94.05,2.0,85.70375,10.087158650623921,70.54,100.0,8.0,1020.5,0.0,1020.5,1020.5,1.0,1020.5,0.0,1020.5,1020.5,1.0,1020.5,0.0,1020.5,1020.5,1.0,1020.5,0.0,1020.5,1020.5,1.0,1020.5,0.0,1020.5,1020.5,2.0,1020.3875,0.8692155741154958,1019.0,1021.6,8.0,,0.0,,,0.0,,0.0,,,0.0,,0.0,,,0.0,,0.0,,,0.0,,0.0,,,0.0,,0.0,,,0.0,180.0,1.8000000000000007,0.010000000000000004,0.05000000000000002,0.6000000000000002,2.200000000000001,-7.280000000000001,-0.04044444444444445,-0.20222222222222225,-2.4266666666666667,-6.6200000000000045,0.0,0.0,0.0,0.0,0.39999999999997726,,,,,,1,0.0,1,1,0.0,1,2,180.0,2,0.0,0.0,,0.0,0.0,,0.0,0.0,,2.1000000000000005,-13.104000000000008,,0.0,0.0,0.0,,,,,,,,,,,,,
42182099999,"SAFDARJUNG, IN",2024-01-07 03:00:00+00:00,28.584511,77.205783,214.88,10.4,7.0,1020.5,,79.47,derived_from_temperature_and_dew_point,NOAA_ISD,FM-12,VALID,"{'TMP_QC': '1', 'DEW_QC': '1', 'SLP_QC': '1', 'RECORD_QC': 'V020'}",False,2026-09-16T17:43:55.400496+00:00,3,0,7,1,6,0.7071067811865476,0.7071067811865476,0.10303137904317879,0.9946781061893646,-0.7818314824680299,0.6234898018587334,9.8,8.0,8.4,86.77,94.05,94.71,1020.5,1020.5,1020.9,,,,10.4,0.0,10.4,10.4,1.0,10.4,0.0,10.4,10.4,1.0,10.4,0.0,10.4,10.4,1.0,10.4,0.0,10.4,10.4,1.0,10.100000000000001,0.4242640687119276,9.8,10.4,2.0,11.1625,2.420706803512441,8.0,14.7,8.0,79.47,0.0,79.47,79.47,1.0,79.47,0.0,79.47,79.47,1.0,79.47,0.0,79.47,79.47,1.0,79.47,0.0,79.47,79.47,1.0,83.12,5.1618795026618,79.47,86.77,2.0,83.1375,8.401081137908035,70.54,94.71,8.0,1020.5,0.0,1020.5,1020.5,1.0,1020.5,0.0,1020.5,1020.5,1.0,1020.5,0.0,1020.5,1020.5,1.0,1020.5,0.0,1020.5,1020.5,1.0,1020.5,0.0,1020.5,1020.5,2.0,1020.3625,0.8617880084033462,1019.0,1021.6,8.0,,0.0,,,0.0,,0.0,,,0.0,,0.0,,,0.0,,0.0,,,0.0,,0.0,,,0.0,,0.0,,,0.0,180.0,0.5999999999999996,0.0033333333333333314,0.016666666666666656,0.19999999999999987,-1.200000000000001,-7.299999999999997,-0.04055555555555554,-0.2027777777777777,-2.4333333333333322,-0.01999999999999602,0.0,0.0,0.0,0.0,0.0,,,,,,1,0.0,1,1,0.0,1,3,360.0,3,0.0,0.0,,0.0,0.0,,0.0,0.0,,3.4000000000000004,-4.3799999999999955,,0.0,0.0,0.0,,,,,,,,,,,,,
42182099999,"SAFDARJUNG, IN",2024-01-07 03:00:00+00:00,28.584511,77.205783,214.88,10.0,7.0,1047.88,1021.0,81.62,derived_from_temperature_and_dew_point,NOAA_ISD,FM-15,VALID,"{'TMP_QC': '1', 'DEW_QC': '1', 'SLP_QC': '9', 'STP_QC': '1', 'RECORD_QC': 'V020'}",False,2026-09-16T17:43:55.400636+00:00,3,0,7,1,6,0.7071067811865476,0.7071067811865476,0.10303137904317879,0.9946781061893646,-0.7818314824680299,0.6234898018587334,10.4,9.8,8.0,79.47,86.77,94.05,1020.5,1020.5,1020.5,,,,10.2,0.2828427124746186,10.0,10.4,2.0,10.2,0.2828427124746186,10.0,10.4,2.0,10.2,0.2828427124746186,10.0,10.4,2.0,10.2,0.2828427124746186,10.0,10.4,2.0,10.066666666666668,0.3055050463303889,9.8,10.4,3.0,11.033333333333333,2.297281001532027,8.0,14.7,9.0,80.545,1.5202795795510813,79.47,81.62,2.0,80.545,1.5202795795510813,79.47,81.62,2.0,80.545,1.5202795795510813,79.47,81.62,2.0,80.545,1.5202795795510813,79.47,81.62,2.0,82.62,3.7513330963805407,79.47,86.77,3.0,82.9688888888889,7.8747546698999455,70.54,94.71,9.0,1020.5,0.0,1020.5,1020.5,1.0,1020.5,0.0,1020.5,1020.5,1.0,1020.5,0.0,1020.5,1020.5,1.0,1020.5,0.0,1020.5,1020.5,1.0,1020.5,0.0,1020.5,1020.5,2.0,1020.3625,0.8617880084033462,1019.0,1021.6,8.0,1021.0,0.0,1021.0,1021.0,1.0,1021.0,0.0,1021.0,1021.0,1.0,1021.0,0.0,1021.0,1021.0,1.0,1021.0,0.0,1021.0,1021.0,1.0,1021.0,0.0,1021.0,1021.0,1.0,1021.0,0.0,1021.0,1021.0,1.0,0.0,-0.40000000000000036,,,,-1.0,2.1500000000000057,,,,9.450000000000003,,,,,,,,,,,1,0.0,1,1,0.0,1,1,0.0,1,-0.1999999999999993,-1.9607843137254832,-0.707106781186546,1.0750000000000028,1.3346576447948388,0.7071067811865475,,,,3.0,-0.860000000000003,-2.828421194531925,,0.9999999999999989,0.0,,,,,,,,,,,,,
42182099999,"SAFDARJUNG, IN",2024-01-07 03:30:00+00:00,28.584511,77.205783,214.88,11.0,7.0,1048.81,1022.0,76.36,derived_from_temperature_and_dew_point,NOAA_ISD,FM-15,VALID,"{'TMP_QC': '1', 'DEW_QC': '1', 'SLP_QC': '9', 'STP_QC': '1', 'RECORD_QC': 'V020'}",False,2026-09-16T17:43:55.400804+00:00,3,30,7,1,6,0.7933533402912352,0.6087614290087207,0.10303137904317879,0.9946781061893646,-0.7818314824680299,0.6234898018587334,10.0,10.4,9.8,81.62,79.47,86.77,,1020.5,1020.5,1021.0,,,11.0,0.0,11.0,11.0,1.0,11.0,0.0,11.0,11.0,1.0,10.466666666666667,0.5033222956847168,10.0,11.0,3.0,10.466666666666667,0.5033222956847168,10.0,11.0,3.0,10.3,0.5291502622129174,9.8,11.0,4.0,11.03,2.165922949281025,8.0,14.7,10.0,76.36,0.0,76.36,76.36,1.0,76.36,0.0,76.36,76.36,1.0,79.14999999999999,2.6445604549716806,76.36,81.62,3.0,79.14999999999999,2.6445604549716806,76.36,81.62,3.0,81.055,4.379334043740749,76.36,86.77,4.0,82.308,7.712931133276543,70.54,94.71,10.0,,0.0,,,0.0,,0.0,,,0.0,1020.5,0.0,1020.5,1020.5,1.0,1020.5,0.0,1020.5,1020.5,1.0,1020.5,0.0,1020.5,1020.5,2.0,1020.3625,0.8617880084033462,1019.0,1021.6,8.0,1022.0,0.0,1022.0,1022.0,1.0,1022.0,0.0,1022.0,1022.0,1.0,1021.5,0.7071067811865476,1021.0,1022.0,2.0,1021.5,0.7071067811865476,1021.0,1022.0,2.0,1021.5,0.7071067811865476,1021.0,1022.0,2.0,1021.5,0.7071067811865476,1021.0,1022.0,2.0,30.0,1.0,0.03333333333333333,0.16666666666666666,2.0,1.4000000000000004,-5.260000000000005,-0.1753333333333335,-0.8766666666666676,-10.52000000000001,-7.410000000000011,,,,,,1.0,0.03333333333333333,0.16666666666666666,2.0,,1,0.0,1,1,0.0,1,1,0.0,1,0.5333333333333332,5.095541401273884,1.0596258856520346,-2.789999999999992,-3.524952621604539,-1.0549957346427419,,,,4.0,-5.260000000000005,3.9757822104045086,,1.4952668717183022,0.0,,,,,,,,,,,,,
42182099999,"SAFDARJUNG, IN",2024-01-07 06:00:00+00:00,28.584511,77.205783,214.88,13.8,8.2,1023.2,,68.95,derived_from_temperature_and_dew_point,NOAA_ISD,FM-12,VALID,"{'TMP_QC': '1', 'DEW_QC': '1', 'SLP_QC': '1', 'RECORD_QC': 'V020'}",False,2026-09-16T17:43:55.401187+00:00,6,0,7,1,6,1.0,6.123233995736766e-17,0.10303137904317879,0.9946781061893646,-0.7818314824680299,0.6234898018587334,11.0,10.0,10.4,76.36,81.62,79.47,,,1020.5,1022.0,1021.0,,13.8,0.0,13.8,13.8,1.0,13.8,0.0,13.8,13.8,1.0,13.8,0.0,13.8,13.8,1.0,12.4,1.9798989873223336,11.0,13.8,2.0,11.3,1.7165857586111644,10.0,13.8,4.0,11.129999999999999,2.276961913505702,8.0,14.7,10.0,68.95,0.0,68.95,68.95,1.0,68.95,0.0,68.95,68.95,1.0,68.95,0.0,68.95,68.95,1.0,72.655,5.239661248592315,68.95,76.36,2.0,76.60000000000001,5.538272895647774,68.95,81.62,4.0,81.275,8.781294829857883,68.95,94.71,10.0,1023.2,0.0,1023.2,1023.2,1.0,1023.2,0.0,1023.2,1023.2,1.0,1023.2,0.0,1023.2,1023.2,1.0,1023.2,0.0,1023.2,1023.2,1.0,1021.85,1.9091883092037105,1020.5,1023.2,2.0,1020.5625,1.2760849725398034,1019.0,1023.2,8.0,,0.0,,,0.0,,0.0,,,0.0,,0.0,,,0.0,1022.0,0.0,1022.0,1022.0,1.0,1021.5,0.7071067811865476,1021.0,1022.0,2.0,1021.5,0.7071067811865476,1021.0,1022.0,2.0,150.0,2.8000000000000007,0.01866666666666667,0.09333333333333335,1.1200000000000003,1.8000000000000007,-7.409999999999997,-0.04939999999999998,-0.2469999999999999,-2.9639999999999986,-2.1499999999999915,,,,,,,,,,,1,0.0,1,1,0.0,1,1,0.0,1,0.0,0.0,,0.0,0.0,,0.0,0.0,,5.600000000000001,-20.747999999999994,,,0.0,0.0,,,,,,,,,,,,,
