anomaly_id,station_id,timestamp,anomaly_type,affected_variable,original_value,modified_value,injection_start,injection_end,severity_parameter,ground_truth_label,is_fault,metadata
ANOM-000001,42182099999,2024-01-01 09:00:00+00:00,SPIKE,sea_level_pressure_hpa,1017.1,1030.685979199114,2024-01-01 09:00:00+00:00,2024-01-01 12:00:00+00:00,13.585979199113824,1,True,"{'step_in_burst': 1, 'burst_length': 2}"
ANOM-000001,42182099999,2024-01-01 12:00:00+00:00,SPIKE,sea_level_pressure_hpa,1017.4,1030.985979199114,2024-01-01 09:00:00+00:00,2024-01-01 12:00:00+00:00,13.585979199113824,1,True,"{'step_in_burst': 2, 'burst_length': 2}"
ANOM-000002,42182099999,2024-01-02 09:00:00+00:00,SPIKE,temperature_c,16.8,22.741773478876496,2024-01-02 09:00:00+00:00,2024-01-02 15:00:00+00:00,5.941773478876495,1,True,"{'step_in_burst': 1, 'burst_length': 3}"
ANOM-000002,42182099999,2024-01-02 12:00:00+00:00,SPIKE,temperature_c,14.9,20.841773478876497,2024-01-02 09:00:00+00:00,2024-01-02 15:00:00+00:00,5.941773478876495,1,True,"{'step_in_burst': 2, 'burst_length': 3}"
ANOM-000002,42182099999,2024-01-02 15:00:00+00:00,SPIKE,temperature_c,9.0,14.941773478876495,2024-01-02 09:00:00+00:00,2024-01-02 15:00:00+00:00,5.941773478876495,1,True,"{'step_in_burst': 3, 'burst_length': 3}"
ANOM-000003,42182099999,2024-01-02 18:00:00+00:00,SMALL_SPIKE,sea_level_pressure_hpa,1018.4,1031.2606430527694,2024-01-02 18:00:00+00:00,2024-01-02 21:00:00+00:00,12.860643052769538,1,True,"{'step_in_burst': 1, 'burst_length': 2}"
ANOM-000003,42182099999,2024-01-02 21:00:00+00:00,SMALL_SPIKE,sea_level_pressure_hpa,1018.1,1030.9606430527695,2024-01-02 18:00:00+00:00,2024-01-02 21:00:00+00:00,12.860643052769538,1,True,"{'step_in_burst': 2, 'burst_length': 2}"
ANOM-000004,42182099999,2024-01-03 12:00:00+00:00,SMALL_SPIKE,relative_humidity_pct,75.28,84.78385937895567,2024-01-03 12:00:00+00:00,2024-01-03 12:00:00+00:00,9.50385937895567,1,True,"{'step_in_burst': 1, 'burst_length': 1}"
ANOM-000005,42182099999,2024-01-02 15:00:00+00:00,NEGATIVE_SPIKE,relative_humidity_pct,91.57,80.13134879919335,2024-01-02 15:00:00+00:00,2024-01-02 15:00:00+00:00,-11.438651200806646,1,True,"{'step_in_burst': 1, 'burst_length': 1}"
ANOM-000006,42182099999,2024-01-04 00:00:00+00:00,NEGATIVE_SPIKE,relative_humidity_pct,94.75,85.31585801172669,2024-01-04 00:00:00+00:00,2024-01-04 06:00:00+00:00,-9.43414198827331,1,True,"{'step_in_burst': 1, 'burst_length': 3}"
ANOM-000006,42182099999,2024-01-04 03:00:00+00:00,NEGATIVE_SPIKE,relative_humidity_pct,89.79,80.3558580117267,2024-01-04 00:00:00+00:00,2024-01-04 06:00:00+00:00,-9.43414198827331,1,True,"{'step_in_burst': 2, 'burst_length': 3}"
ANOM-000006,42182099999,2024-01-04 06:00:00+00:00,NEGATIVE_SPIKE,relative_humidity_pct,82.99,73.55585801172668,2024-01-04 00:00:00+00:00,2024-01-04 06:00:00+00:00,-9.43414198827331,1,True,"{'step_in_burst': 3, 'burst_length': 3}"
ANOM-000007,42182099999,2024-01-02 12:00:00+00:00,DRIFT,temperature_c,20.841773478876497,20.841773478876497,2024-01-02 12:00:00+00:00,2024-01-07 00:00:00+00:00,-0.32183391480633394,1,True,"{'drift_delta': -0.0, 'elapsed_hours': 0.0}"
ANOM-000007,42182099999,2024-01-02 15:00:00+00:00,DRIFT,temperature_c,14.941773478876495,13.976271734457493,2024-01-02 12:00:00+00:00,2024-01-07 00:00:00+00:00,-0.32183391480633394,1,True,"{'drift_delta': -0.9655017444190018, 'elapsed_hours': 3.0}"
ANOM-000007,42182099999,2024-01-02 18:00:00+00:00,DRIFT,temperature_c,9.0,7.068996511161997,2024-01-02 12:00:00+00:00,2024-01-07 00:00:00+00:00,-0.32183391480633394,1,True,"{'drift_delta': -1.9310034888380037, 'elapsed_hours': 6.0}"
ANOM-000007,42182099999,2024-01-02 21:00:00+00:00,DRIFT,temperature_c,8.6,5.703494766742994,2024-01-02 12:00:00+00:00,2024-01-07 00:00:00+00:00,-0.32183391480633394,1,True,"{'drift_delta': -2.8965052332570056, 'elapsed_hours': 9.0}"
ANOM-000007,42182099999,2024-01-03 00:00:00+00:00,DRIFT,temperature_c,9.2,5.337993022323992,2024-01-02 12:00:00+00:00,2024-01-07 00:00:00+00:00,-0.32183391480633394,1,True,"{'drift_delta': -3.8620069776760073, 'elapsed_hours': 12.0}"
ANOM-000007,42182099999,2024-01-03 03:00:00+00:00,DRIFT,temperature_c,9.6,4.77249127790499,2024-01-02 12:00:00+00:00,2024-01-07 00:00:00+00:00,-0.32183391480633394,1,True,"{'drift_delta': -4.8275087220950095, 'elapsed_hours': 15.0}"
ANOM-000007,42182099999,2024-01-03 06:00:00+00:00,DRIFT,temperature_c,11.2,5.406989533485988,2024-01-02 12:00:00+00:00,2024-01-07 00:00:00+00:00,-0.32183391480633394,1,True,"{'drift_delta': -5.793010466514011, 'elapsed_hours': 18.0}"
ANOM-000007,42182099999,2024-01-03 09:00:00+00:00,DRIFT,temperature_c,15.2,8.441487789066986,2024-01-02 12:00:00+00:00,2024-01-07 00:00:00+00:00,-0.32183391480633394,1,True,"{'drift_delta': -6.758512210933013, 'elapsed_hours': 21.0}"
ANOM-000007,42182099999,2024-01-03 12:00:00+00:00,DRIFT,temperature_c,13.8,6.075986044647986,2024-01-02 12:00:00+00:00,2024-01-07 00:00:00+00:00,-0.32183391480633394,1,True,"{'drift_delta': -7.724013955352015, 'elapsed_hours': 24.0}"
ANOM-000007,42182099999,2024-01-03 15:00:00+00:00,DRIFT,temperature_c,9.6,0.9104843002289833,2024-01-02 12:00:00+00:00,2024-01-07 00:00:00+00:00,-0.32183391480633394,1,True,"{'drift_delta': -8.689515699771016, 'elapsed_hours': 27.0}"
ANOM-000007,42182099999,2024-01-03 18:00:00+00:00,DRIFT,temperature_c,9.4,-0.2550174441900186,2024-01-02 12:00:00+00:00,2024-01-07 00:00:00+00:00,-0.32183391480633394,1,True,"{'drift_delta': -9.655017444190019, 'elapsed_hours': 30.0}"
ANOM-000007,42182099999,2024-01-03 21:00:00+00:00,DRIFT,temperature_c,9.6,-1.0205191886090201,2024-01-02 12:00:00+00:00,2024-01-07 00:00:00+00:00,-0.32183391480633394,1,True,"{'drift_delta': -10.62051918860902, 'elapsed_hours': 33.0}"
ANOM-000007,42182099999,2024-01-04 00:00:00+00:00,DRIFT,temperature_c,9.4,-2.186020933028022,2024-01-02 12:00:00+00:00,2024-01-07 00:00:00+00:00,-0.32183391480633394,1,True,"{'drift_delta': -11.586020933028022, 'elapsed_hours': 36.0}"
ANOM-000007,42182099999,2024-01-04 03:00:00+00:00,DRIFT,temperature_c,10.0,-2.551522677447023,2024-01-02 12:00:00+00:00,2024-01-07 00:00:00+00:00,-0.32183391480633394,1,True,"{'drift_delta': -12.551522677447023, 'elapsed_hours': 39.0}"
ANOM-000007,42182099999,2024-01-04 06:00:00+00:00,DRIFT,temperature_c,12.0,-1.5170244218660258,2024-01-02 12:00:00+00:00,2024-01-07 00:00:00+00:00,-0.32183391480633394,1,True,"{'drift_delta': -13.517024421866026, 'elapsed_hours': 42.0}"
ANOM-000007,42182099999,2024-01-04 15:00:00+00:00,DRIFT,temperature_c,10.8,-5.613529655123031,2024-01-02 12:00:00+00:00,2024-01-07 00:00:00+00:00,-0.32183391480633394,1,True,"{'drift_delta': -16.413529655123032, 'elapsed_hours': 51.0}"
ANOM-000007,42182099999,2024-01-04 18:00:00+00:00,DRIFT,temperature_c,10.2,-7.179031399542033,2024-01-02 12:00:00+00:00,2024-01-07 00:00:00+00:00,-0.32183391480633394,1,True,"{'drift_delta': -17.379031399542033, 'elapsed_hours': 54.0}"
ANOM-000007,42182099999,2024-01-04 21:00:00+00:00,DRIFT,temperature_c,9.8,-8.544533143961033,2024-01-02 12:00:00+00:00,2024-01-07 00:00:00+00:00,-0.32183391480633394,1,True,"{'drift_delta': -18.344533143961034, 'elapsed_hours': 57.0}"
ANOM-000007,42182099999,2024-01-05 00:00:00+00:00,DRIFT,temperature_c,9.8,-9.510034888380037,2024-01-02 12:00:00+00:00,2024-01-07 00:00:00+00:00,-0.32183391480633394,1,True,"{'drift_delta': -19.310034888380038, 'elapsed_hours': 60.0}"
ANOM-000007,42182099999,2024-01-05 03:00:00+00:00,DRIFT,temperature_c,11.6,-8.675536632799039,2024-01-02 12:00:00+00:00,2024-01-07 00:00:00+00:00,-0.32183391480633394,1,True,"{'drift_delta': -20.27553663279904, 'elapsed_hours': 63.0}"
ANOM-000007,42182099999,2024-01-05 06:00:00+00:00,DRIFT,temperature_c,13.4,-7.841038377218039,2024-01-02 12:00:00+00:00,2024-01-07 00:00:00+00:00,-0.32183391480633394,1,True,"{'drift_delta': -21.24103837721804, 'elapsed_hours': 66.0}"
ANOM-000007,42182099999,2024-01-05 09:00:00+00:00,DRIFT,temperature_c,14.0,-8.20654012163704,2024-01-02 12:00:00+00:00,2024-01-07 00:00:00+00:00,-0.32183391480633394,1,True,"{'drift_delta': -22.20654012163704, 'elapsed_hours': 69.0}"
ANOM-000007,42182099999,2024-01-05 12:00:00+00:00,DRIFT,temperature_c,13.0,-10.172041866056045,2024-01-02 12:00:00+00:00,2024-01-07 00:00:00+00:00,-0.32183391480633394,1,True,"{'drift_delta': -23.172041866056045, 'elapsed_hours': 72.0}"
ANOM-000007,42182099999,2024-01-05 15:00:00+00:00,DRIFT,temperature_c,12.6,-11.537543610475046,2024-01-02 12:00:00+00:00,2024-01-07 00:00:00+00:00,-0.32183391480633394,1,True,"{'drift_delta': -24.137543610475046, 'elapsed_hours': 75.0}"
ANOM-000007,42182099999,2024-01-05 18:00:00+00:00,DRIFT,temperature_c,11.6,-13.503045354894047,2024-01-02 12:00:00+00:00,2024-01-07 00:00:00+00:00,-0.32183391480633394,1,True,"{'drift_delta': -25.103045354894046, 'elapsed_hours': 78.0}"
ANOM-000007,42182099999,2024-01-05 21:00:00+00:00,DRIFT,temperature_c,10.4,-15.66854709931305,2024-01-02 12:00:00+00:00,2024-01-07 00:00:00+00:00,-0.32183391480633394,1,True,"{'drift_delta': -26.06854709931305, 'elapsed_hours': 81.0}"
ANOM-000007,42182099999,2024-01-06 00:00:00+00:00,DRIFT,temperature_c,9.6,-17.43404884373205,2024-01-02 12:00:00+00:00,2024-01-07 00:00:00+00:00,-0.32183391480633394,1,True,"{'drift_delta': -27.03404884373205, 'elapsed_hours': 84.0}"
ANOM-000007,42182099999,2024-01-06 03:00:00+00:00,DRIFT,temperature_c,10.4,-17.599550588151054,2024-01-02 12:00:00+00:00,2024-01-07 00:00:00+00:00,-0.32183391480633394,1,True,"{'drift_delta': -27.999550588151052, 'elapsed_hours': 87.0}"
ANOM-000007,42182099999,2024-01-06 06:00:00+00:00,DRIFT,temperature_c,12.8,-16.165052332570053,2024-01-02 12:00:00+00:00,2024-01-07 00:00:00+00:00,-0.32183391480633394,1,True,"{'drift_delta': -28.965052332570053, 'elapsed_hours': 90.0}"
ANOM-000007,42182099999,2024-01-06 09:00:00+00:00,DRIFT,temperature_c,14.7,-15.230554076989058,2024-01-02 12:00:00+00:00,2024-01-07 00:00:00+00:00,-0.32183391480633394,1,True,"{'drift_delta': -29.930554076989058, 'elapsed_hours': 93.0}"
ANOM-000007,42182099999,2024-01-06 12:00:00+00:00,DRIFT,temperature_c,13.5,-17.39605582140806,2024-01-02 12:00:00+00:00,2024-01-07 00:00:00+00:00,-0.32183391480633394,1,True,"{'drift_delta': -30.89605582140806, 'elapsed_hours': 96.0}"
ANOM-000007,42182099999,2024-01-06 15:00:00+00:00,DRIFT,temperature_c,11.7,-20.16155756582706,2024-01-02 12:00:00+00:00,2024-01-07 00:00:00+00:00,-0.32183391480633394,1,True,"{'drift_delta': -31.86155756582706, 'elapsed_hours': 99.0}"
ANOM-000007,42182099999,2024-01-06 18:00:00+00:00,DRIFT,temperature_c,8.4,-24.427059310246065,2024-01-02 12:00:00+00:00,2024-01-07 00:00:00+00:00,-0.32183391480633394,1,True,"{'drift_delta': -32.827059310246064, 'elapsed_hours': 102.0}"
ANOM-000007,42182099999,2024-01-06 21:00:00+00:00,DRIFT,temperature_c,8.0,-25.792561054665065,2024-01-02 12:00:00+00:00,2024-01-07 00:00:00+00:00,-0.32183391480633394,1,True,"{'drift_delta': -33.792561054665065, 'elapsed_hours': 105.0}"
ANOM-000007,42182099999,2024-01-07 00:00:00+00:00,DRIFT,temperature_c,9.8,-24.958062799084065,2024-01-02 12:00:00+00:00,2024-01-07 00:00:00+00:00,-0.32183391480633394,1,True,"{'drift_delta': -34.758062799084065, 'elapsed_hours': 108.0}"
ANOM-000008,42182099999,2024-01-03 15:00:00+00:00,DRIFT,temperature_c,0.9104843002289833,0.9104843002289833,2024-01-03 15:00:00+00:00,2024-01-06 09:00:00+00:00,-0.40323509603414953,1,True,"{'drift_delta': -0.0, 'elapsed_hours': 0.0}"
ANOM-000008,42182099999,2024-01-03 18:00:00+00:00,DRIFT,temperature_c,-0.2550174441900186,-1.4647227322924672,2024-01-03 15:00:00+00:00,2024-01-06 09:00:00+00:00,-0.40323509603414953,1,True,"{'drift_delta': -1.2097052881024486, 'elapsed_hours': 3.0}"
ANOM-000008,42182099999,2024-01-03 21:00:00+00:00,DRIFT,temperature_c,-1.0205191886090201,-3.4399297648139173,2024-01-03 15:00:00+00:00,2024-01-06 09:00:00+00:00,-0.40323509603414953,1,True,"{'drift_delta': -2.419410576204897, 'elapsed_hours': 6.0}"
ANOM-000008,42182099999,2024-01-04 00:00:00+00:00,DRIFT,temperature_c,-2.186020933028022,-5.815136797335368,2024-01-03 15:00:00+00:00,2024-01-06 09:00:00+00:00,-0.40323509603414953,1,True,"{'drift_delta': -3.629115864307346, 'elapsed_hours': 9.0}"
ANOM-000008,42182099999,2024-01-04 03:00:00+00:00,DRIFT,temperature_c,-2.551522677447023,-7.390343829856818,2024-01-03 15:00:00+00:00,2024-01-06 09:00:00+00:00,-0.40323509603414953,1,True,"{'drift_delta': -4.838821152409794, 'elapsed_hours': 12.0}"
ANOM-000008,42182099999,2024-01-04 06:00:00+00:00,DRIFT,temperature_c,-1.5170244218660258,-7.565550862378268,2024-01-03 15:00:00+00:00,2024-01-06 09:00:00+00:00,-0.40323509603414953,1,True,"{'drift_delta': -6.0485264405122425, 'elapsed_hours': 15.0}"
ANOM-000008,42182099999,2024-01-04 15:00:00+00:00,DRIFT,temperature_c,-5.613529655123031,-15.29117195994262,2024-01-03 15:00:00+00:00,2024-01-06 09:00:00+00:00,-0.40323509603414953,1,True,"{'drift_delta': -9.677642304819589, 'elapsed_hours': 24.0}"
ANOM-000008,42182099999,2024-01-04 18:00:00+00:00,DRIFT,temperature_c,-7.179031399542033,-18.06637899246407,2024-01-03 15:00:00+00:00,2024-01-06 09:00:00+00:00,-0.40323509603414953,1,True,"{'drift_delta': -10.887347592922037, 'elapsed_hours': 27.0}"
ANOM-000008,42182099999,2024-01-04 21:00:00+00:00,DRIFT,temperature_c,-8.544533143961033,-20.641586024985518,2024-01-03 15:00:00+00:00,2024-01-06 09:00:00+00:00,-0.40323509603414953,1,True,"{'drift_delta': -12.097052881024485, 'elapsed_hours': 30.0}"
ANOM-000008,42182099999,2024-01-05 00:00:00+00:00,DRIFT,temperature_c,-9.510034888380037,-22.81679305750697,2024-01-03 15:00:00+00:00,2024-01-06 09:00:00+00:00,-0.40323509603414953,1,True,"{'drift_delta': -13.306758169126935, 'elapsed_hours': 33.0}"
ANOM-000008,42182099999,2024-01-05 03:00:00+00:00,DRIFT,temperature_c,-8.675536632799039,-23.192000090028422,2024-01-03 15:00:00+00:00,2024-01-06 09:00:00+00:00,-0.40323509603414953,1,True,"{'drift_delta': -14.516463457229383, 'elapsed_hours': 36.0}"
ANOM-000008,42182099999,2024-01-05 06:00:00+00:00,DRIFT,temperature_c,-7.841038377218039,-23.56720712254987,2024-01-03 15:00:00+00:00,2024-01-06 09:00:00+00:00,-0.40323509603414953,1,True,"{'drift_delta': -15.726168745331831, 'elapsed_hours': 39.0}"
ANOM-000008,42182099999,2024-01-05 09:00:00+00:00,DRIFT,temperature_c,-8.20654012163704,-25.14241415507132,2024-01-03 15:00:00+00:00,2024-01-06 09:00:00+00:00,-0.40323509603414953,1,True,"{'drift_delta': -16.93587403343428, 'elapsed_hours': 42.0}"
ANOM-000008,42182099999,2024-01-05 12:00:00+00:00,DRIFT,temperature_c,-10.172041866056045,-28.317621187592774,2024-01-03 15:00:00+00:00,2024-01-06 09:00:00+00:00,-0.40323509603414953,1,True,"{'drift_delta': -18.14557932153673, 'elapsed_hours': 45.0}"
ANOM-000008,42182099999,2024-01-05 15:00:00+00:00,DRIFT,temperature_c,-11.537543610475046,-30.892828220114225,2024-01-03 15:00:00+00:00,2024-01-06 09:00:00+00:00,-0.40323509603414953,1,True,"{'drift_delta': -19.355284609639178, 'elapsed_hours': 48.0}"
ANOM-000008,42182099999,2024-01-05 18:00:00+00:00,DRIFT,temperature_c,-13.503045354894047,-34.068035252635674,2024-01-03 15:00:00+00:00,2024-01-06 09:00:00+00:00,-0.40323509603414953,1,True,"{'drift_delta': -20.564989897741626, 'elapsed_hours': 51.0}"
ANOM-000008,42182099999,2024-01-05 21:00:00+00:00,DRIFT,temperature_c,-15.66854709931305,-37.443242285157126,2024-01-03 15:00:00+00:00,2024-01-06 09:00:00+00:00,-0.40323509603414953,1,True,"{'drift_delta': -21.774695185844074, 'elapsed_hours': 54.0}"
ANOM-000008,42182099999,2024-01-06 00:00:00+00:00,DRIFT,temperature_c,-17.43404884373205,-40.41844931767857,2024-01-03 15:00:00+00:00,2024-01-06 09:00:00+00:00,-0.40323509603414953,1,True,"{'drift_delta': -22.984400473946522, 'elapsed_hours': 57.0}"
ANOM-000008,42182099999,2024-01-06 03:00:00+00:00,DRIFT,temperature_c,-17.599550588151054,-41.793656350200024,2024-01-03 15:00:00+00:00,2024-01-06 09:00:00+00:00,-0.40323509603414953,1,True,"{'drift_delta': -24.19410576204897, 'elapsed_hours': 60.0}"
ANOM-000008,42182099999,2024-01-06 06:00:00+00:00,DRIFT,temperature_c,-16.165052332570053,-41.568863382721474,2024-01-03 15:00:00+00:00,2024-01-06 09:00:00+00:00,-0.40323509603414953,1,True,"{'drift_delta': -25.403811050151422, 'elapsed_hours': 63.0}"
ANOM-000008,42182099999,2024-01-06 09:00:00+00:00,DRIFT,temperature_c,-15.230554076989058,-41.844070415242925,2024-01-03 15:00:00+00:00,2024-01-06 09:00:00+00:00,-0.40323509603414953,1,True,"{'drift_delta': -26.61351633825387, 'elapsed_hours': 66.0}"
ANOM-000009,42182099999,2024-01-01 06:00:00+00:00,OFFSET,sea_level_pressure_hpa,1020.6,1028.065605606611,2024-01-01 06:00:00+00:00,2024-01-06 06:00:00+00:00,7.465605606610988,1,True,{}
ANOM-000009,42182099999,2024-01-01 09:00:00+00:00,OFFSET,sea_level_pressure_hpa,1030.685979199114,1038.151584805725,2024-01-01 06:00:00+00:00,2024-01-06 06:00:00+00:00,7.465605606610988,1,True,{}
ANOM-000009,42182099999,2024-01-01 12:00:00+00:00,OFFSET,sea_level_pressure_hpa,1030.985979199114,1038.451584805725,2024-01-01 06:00:00+00:00,2024-01-06 06:00:00+00:00,7.465605606610988,1,True,{}
ANOM-000009,42182099999,2024-01-01 15:00:00+00:00,OFFSET,sea_level_pressure_hpa,1018.6,1026.065605606611,2024-01-01 06:00:00+00:00,2024-01-06 06:00:00+00:00,7.465605606610988,1,True,{}
ANOM-000009,42182099999,2024-01-01 18:00:00+00:00,OFFSET,sea_level_pressure_hpa,1019.4,1026.8656056066109,2024-01-01 06:00:00+00:00,2024-01-06 06:00:00+00:00,7.465605606610988,1,True,{}
ANOM-000009,42182099999,2024-01-01 21:00:00+00:00,OFFSET,sea_level_pressure_hpa,1019.0,1026.465605606611,2024-01-01 06:00:00+00:00,2024-01-06 06:00:00+00:00,7.465605606610988,1,True,{}
ANOM-000009,42182099999,2024-01-02 00:00:00+00:00,OFFSET,sea_level_pressure_hpa,1017.9,1025.3656056066109,2024-01-01 06:00:00+00:00,2024-01-06 06:00:00+00:00,7.465605606610988,1,True,{}
ANOM-000009,42182099999,2024-01-02 03:00:00+00:00,OFFSET,sea_level_pressure_hpa,1019.5,1026.965605606611,2024-01-01 06:00:00+00:00,2024-01-06 06:00:00+00:00,7.465605606610988,1,True,{}
ANOM-000009,42182099999,2024-01-02 06:00:00+00:00,OFFSET,sea_level_pressure_hpa,1020.2,1027.665605606611,2024-01-01 06:00:00+00:00,2024-01-06 06:00:00+00:00,7.465605606610988,1,True,{}
ANOM-000009,42182099999,2024-01-02 09:00:00+00:00,OFFSET,sea_level_pressure_hpa,1016.5,1023.965605606611,2024-01-01 06:00:00+00:00,2024-01-06 06:00:00+00:00,7.465605606610988,1,True,{}
ANOM-000009,42182099999,2024-01-02 12:00:00+00:00,OFFSET,sea_level_pressure_hpa,1016.0,1023.465605606611,2024-01-01 06:00:00+00:00,2024-01-06 06:00:00+00:00,7.465605606610988,1,True,{}
ANOM-000009,42182099999,2024-01-02 15:00:00+00:00,OFFSET,sea_level_pressure_hpa,1018.0,1025.465605606611,2024-01-01 06:00:00+00:00,2024-01-06 06:00:00+00:00,7.465605606610988,1,True,{}
ANOM-000009,42182099999,2024-01-02 18:00:00+00:00,OFFSET,sea_level_pressure_hpa,1031.2606430527694,1038.7262486593804,2024-01-01 06:00:00+00:00,2024-01-06 06:00:00+00:00,7.465605606610988,1,True,{}
ANOM-000009,42182099999,2024-01-02 21:00:00+00:00,OFFSET,sea_level_pressure_hpa,1030.9606430527695,1038.4262486593805,2024-01-01 06:00:00+00:00,2024-01-06 06:00:00+00:00,7.465605606610988,1,True,{}
ANOM-000009,42182099999,2024-01-03 00:00:00+00:00,OFFSET,sea_level_pressure_hpa,1018.1,1025.565605606611,2024-01-01 06:00:00+00:00,2024-01-06 06:00:00+00:00,7.465605606610988,1,True,{}
ANOM-000009,42182099999,2024-01-03 03:00:00+00:00,OFFSET,sea_level_pressure_hpa,1019.6,1027.065605606611,2024-01-01 06:00:00+00:00,2024-01-06 06:00:00+00:00,7.465605606610988,1,True,{}
ANOM-000009,42182099999,2024-01-03 06:00:00+00:00,OFFSET,sea_level_pressure_hpa,1020.2,1027.665605606611,2024-01-01 06:00:00+00:00,2024-01-06 06:00:00+00:00,7.465605606610988,1,True,{}
ANOM-000009,42182099999,2024-01-03 09:00:00+00:00,OFFSET,sea_level_pressure_hpa,1017.0,1024.465605606611,2024-01-01 06:00:00+00:00,2024-01-06 06:00:00+00:00,7.465605606610988,1,True,{}
ANOM-000009,42182099999,2024-01-03 12:00:00+00:00,OFFSET,sea_level_pressure_hpa,1016.7,1024.165605606611,2024-01-01 06:00:00+00:00,2024-01-06 06:00:00+00:00,7.465605606610988,1,True,{}
ANOM-000009,42182099999,2024-01-03 15:00:00+00:00,OFFSET,sea_level_pressure_hpa,1017.6,1025.065605606611,2024-01-01 06:00:00+00:00,2024-01-06 06:00:00+00:00,7.465605606610988,1,True,{}
ANOM-000009,42182099999,2024-01-03 18:00:00+00:00,OFFSET,sea_level_pressure_hpa,1018.0,1025.465605606611,2024-01-01 06:00:00+00:00,2024-01-06 06:00:00+00:00,7.465605606610988,1,True,{}
ANOM-000009,42182099999,2024-01-03 21:00:00+00:00,OFFSET,sea_level_pressure_hpa,1017.8,1025.265605606611,2024-01-01 06:00:00+00:00,2024-01-06 06:00:00+00:00,7.465605606610988,1,True,{}
ANOM-000009,42182099999,2024-01-04 00:00:00+00:00,OFFSET,sea_level_pressure_hpa,1018.3,1025.765605606611,2024-01-01 06:00:00+00:00,2024-01-06 06:00:00+00:00,7.465605606610988,1,True,{}
ANOM-000009,42182099999,2024-01-04 03:00:00+00:00,OFFSET,sea_level_pressure_hpa,1020.5,1027.965605606611,2024-01-01 06:00:00+00:00,2024-01-06 06:00:00+00:00,7.465605606610988,1,True,{}
ANOM-000009,42182099999,2024-01-04 06:00:00+00:00,OFFSET,sea_level_pressure_hpa,1020.5,1027.965605606611,2024-01-01 06:00:00+00:00,2024-01-06 06:00:00+00:00,7.465605606610988,1,True,{}
ANOM-000009,42182099999,2024-01-04 15:00:00+00:00,OFFSET,sea_level_pressure_hpa,1018.2,1025.665605606611,2024-01-01 06:00:00+00:00,2024-01-06 06:00:00+00:00,7.465605606610988,1,True,{}
ANOM-000009,42182099999,2024-01-04 18:00:00+00:00,OFFSET,sea_level_pressure_hpa,1017.8,1025.265605606611,2024-01-01 06:00:00+00:00,2024-01-06 06:00:00+00:00,7.465605606610988,1,True,{}
ANOM-000009,42182099999,2024-01-04 21:00:00+00:00,OFFSET,sea_level_pressure_hpa,1017.5,1024.965605606611,2024-01-01 06:00:00+00:00,2024-01-06 06:00:00+00:00,7.465605606610988,1,True,{}
ANOM-000009,42182099999,2024-01-05 00:00:00+00:00,OFFSET,sea_level_pressure_hpa,1017.7,1025.165605606611,2024-01-01 06:00:00+00:00,2024-01-06 06:00:00+00:00,7.465605606610988,1,True,{}
ANOM-000009,42182099999,2024-01-05 03:00:00+00:00,OFFSET,sea_level_pressure_hpa,1019.4,1026.8656056066109,2024-01-01 06:00:00+00:00,2024-01-06 06:00:00+00:00,7.465605606610988,1,True,{}
ANOM-000009,42182099999,2024-01-05 06:00:00+00:00,OFFSET,sea_level_pressure_hpa,1019.8,1027.265605606611,2024-01-01 06:00:00+00:00,2024-01-06 06:00:00+00:00,7.465605606610988,1,True,{}
ANOM-000009,42182099999,2024-01-05 09:00:00+00:00,OFFSET,sea_level_pressure_hpa,1017.3,1024.765605606611,2024-01-01 06:00:00+00:00,2024-01-06 06:00:00+00:00,7.465605606610988,1,True,{}
ANOM-000009,42182099999,2024-01-05 12:00:00+00:00,OFFSET,sea_level_pressure_hpa,1017.4,1024.8656056066109,2024-01-01 06:00:00+00:00,2024-01-06 06:00:00+00:00,7.465605606610988,1,True,{}
ANOM-000009,42182099999,2024-01-05 15:00:00+00:00,OFFSET,sea_level_pressure_hpa,1019.3,1026.765605606611,2024-01-01 06:00:00+00:00,2024-01-06 06:00:00+00:00,7.465605606610988,1,True,{}
ANOM-000009,42182099999,2024-01-05 18:00:00+00:00,OFFSET,sea_level_pressure_hpa,1019.6,1027.065605606611,2024-01-01 06:00:00+00:00,2024-01-06 06:00:00+00:00,7.465605606610988,1,True,{}
ANOM-000009,42182099999,2024-01-05 21:00:00+00:00,OFFSET,sea_level_pressure_hpa,1019.2,1026.665605606611,2024-01-01 06:00:00+00:00,2024-01-06 06:00:00+00:00,7.465605606610988,1,True,{}
ANOM-000009,42182099999,2024-01-06 00:00:00+00:00,OFFSET,sea_level_pressure_hpa,1018.8,1026.265605606611,2024-01-01 06:00:00+00:00,2024-01-06 06:00:00+00:00,7.465605606610988,1,True,{}
ANOM-000009,42182099999,2024-01-06 03:00:00+00:00,OFFSET,sea_level_pressure_hpa,1020.7,1028.165605606611,2024-01-01 06:00:00+00:00,2024-01-06 06:00:00+00:00,7.465605606610988,1,True,{}
ANOM-000009,42182099999,2024-01-06 06:00:00+00:00,OFFSET,sea_level_pressure_hpa,1021.6,1029.065605606611,2024-01-01 06:00:00+00:00,2024-01-06 06:00:00+00:00,7.465605606610988,1,True,{}
ANOM-000010,42182099999,2024-01-01 15:00:00+00:00,OFFSET,relative_humidity_pct,85.17,81.95098117106386,2024-01-01 15:00:00+00:00,2024-01-04 18:00:00+00:00,-3.219018828936144,1,True,{}
ANOM-000010,42182099999,2024-01-01 18:00:00+00:00,OFFSET,relative_humidity_pct,89.82,86.60098117106385,2024-01-01 15:00:00+00:00,2024-01-04 18:00:00+00:00,-3.219018828936144,1,True,{}
ANOM-000010,42182099999,2024-01-01 21:00:00+00:00,OFFSET,relative_humidity_pct,94.76,91.54098117106386,2024-01-01 15:00:00+00:00,2024-01-04 18:00:00+00:00,-3.219018828936144,1,True,{}
ANOM-000010,42182099999,2024-01-02 00:00:00+00:00,OFFSET,relative_humidity_pct,92.23,89.01098117106386,2024-01-01 15:00:00+00:00,2024-01-04 18:00:00+00:00,-3.219018828936144,1,True,{}
ANOM-000010,42182099999,2024-01-02 03:00:00+00:00,OFFSET,relative_humidity_pct,84.46,81.24098117106385,2024-01-01 15:00:00+00:00,2024-01-04 18:00:00+00:00,-3.219018828936144,1,True,{}
ANOM-000010,42182099999,2024-01-02 06:00:00+00:00,OFFSET,relative_humidity_pct,67.77,64.55098117106385,2024-01-01 15:00:00+00:00,2024-01-04 18:00:00+00:00,-3.219018828936144,1,True,{}
ANOM-000010,42182099999,2024-01-02 09:00:00+00:00,OFFSET,relative_humidity_pct,54.97,51.750981171063856,2024-01-01 15:00:00+00:00,2024-01-04 18:00:00+00:00,-3.219018828936144,1,True,{}
ANOM-000010,42182099999,2024-01-02 12:00:00+00:00,OFFSET,relative_humidity_pct,59.58,56.360981171063855,2024-01-01 15:00:00+00:00,2024-01-04 18:00:00+00:00,-3.219018828936144,1,True,{}
ANOM-000010,42182099999,2024-01-02 15:00:00+00:00,OFFSET,relative_humidity_pct,80.13134879919335,76.9123299702572,2024-01-01 15:00:00+00:00,2024-01-04 18:00:00+00:00,-3.219018828936144,1,True,{}
ANOM-000010,42182099999,2024-01-02 18:00:00+00:00,OFFSET,relative_humidity_pct,94.73,91.51098117106386,2024-01-01 15:00:00+00:00,2024-01-04 18:00:00+00:00,-3.219018828936144,1,True,{}
ANOM-000010,42182099999,2024-01-02 21:00:00+00:00,OFFSET,relative_humidity_pct,94.72,91.50098117106386,2024-01-01 15:00:00+00:00,2024-01-04 18:00:00+00:00,-3.219018828936144,1,True,{}
ANOM-000010,42182099999,2024-01-03 00:00:00+00:00,OFFSET,relative_humidity_pct,86.71,83.49098117106385,2024-01-01 15:00:00+00:00,2024-01-04 18:00:00+00:00,-3.219018828936144,1,True,{}
ANOM-000010,42182099999,2024-01-03 03:00:00+00:00,OFFSET,relative_humidity_pct,89.15,85.93098117106386,2024-01-01 15:00:00+00:00,2024-01-04 18:00:00+00:00,-3.219018828936144,1,True,{}
ANOM-000010,42182099999,2024-01-03 06:00:00+00:00,OFFSET,relative_humidity_pct,87.49,84.27098117106385,2024-01-01 15:00:00+00:00,2024-01-04 18:00:00+00:00,-3.219018828936144,1,True,{}
ANOM-000010,42182099999,2024-01-03 09:00:00+00:00,OFFSET,relative_humidity_pct,62.57,59.35098117106386,2024-01-01 15:00:00+00:00,2024-01-04 18:00:00+00:00,-3.219018828936144,1,True,{}
ANOM-000010,42182099999,2024-01-03 12:00:00+00:00,OFFSET,relative_humidity_pct,84.78385937895567,81.56484055001953,2024-01-01 15:00:00+00:00,2024-01-04 18:00:00+00:00,-3.219018828936144,1,True,{}
ANOM-000010,42182099999,2024-01-03 15:00:00+00:00,OFFSET,relative_humidity_pct,92.23,89.01098117106386,2024-01-01 15:00:00+00:00,2024-01-04 18:00:00+00:00,-3.219018828936144,1,True,{}
ANOM-000010,42182099999,2024-01-03 18:00:00+00:00,OFFSET,relative_humidity_pct,94.75,91.53098117106386,2024-01-01 15:00:00+00:00,2024-01-04 18:00:00+00:00,-3.219018828936144,1,True,{}
ANOM-000010,42182099999,2024-01-03 21:00:00+00:00,OFFSET,relative_humidity_pct,94.76,91.54098117106386,2024-01-01 15:00:00+00:00,2024-01-04 18:00:00+00:00,-3.219018828936144,1,True,{}
ANOM-000010,42182099999,2024-01-04 00:00:00+00:00,OFFSET,relative_humidity_pct,85.31585801172669,82.09683918279055,2024-01-01 15:00:00+00:00,2024-01-04 18:00:00+00:00,-3.219018828936144,1,True,{}
ANOM-000010,42182099999,2024-01-04 03:00:00+00:00,OFFSET,relative_humidity_pct,80.3558580117267,77.13683918279055,2024-01-01 15:00:00+00:00,2024-01-04 18:00:00+00:00,-3.219018828936144,1,True,{}
ANOM-000010,42182099999,2024-01-04 06:00:00+00:00,OFFSET,relative_humidity_pct,73.55585801172668,70.33683918279054,2024-01-01 15:00:00+00:00,2024-01-04 18:00:00+00:00,-3.219018828936144,1,True,{}
ANOM-000010,42182099999,2024-01-04 15:00:00+00:00,OFFSET,relative_humidity_pct,89.85,86.63098117106385,2024-01-01 15:00:00+00:00,2024-01-04 18:00:00+00:00,-3.219018828936144,1,True,{}
ANOM-000010,42182099999,2024-01-04 18:00:00+00:00,OFFSET,relative_humidity_pct,92.26,89.04098117106386,2024-01-01 15:00:00+00:00,2024-01-04 18:00:00+00:00,-3.219018828936144,1,True,{}
ANOM-000011,42182099999,2024-01-03 09:00:00+00:00,FROZEN_SENSOR,sea_level_pressure_hpa,1024.465605606611,1024.465605606611,2024-01-03 09:00:00+00:00,2024-01-07 03:00:00+00:00,30.0,1,True,{'frozen_value': 1024.465605606611}
ANOM-000011,42182099999,2024-01-03 12:00:00+00:00,FROZEN_SENSOR,sea_level_pressure_hpa,1024.165605606611,1024.465605606611,2024-01-03 09:00:00+00:00,2024-01-07 03:00:00+00:00,30.0,1,True,{'frozen_value': 1024.465605606611}
ANOM-000011,42182099999,2024-01-03 15:00:00+00:00,FROZEN_SENSOR,sea_level_pressure_hpa,1025.065605606611,1024.465605606611,2024-01-03 09:00:00+00:00,2024-01-07 03:00:00+00:00,30.0,1,True,{'frozen_value': 1024.465605606611}
ANOM-000011,42182099999,2024-01-03 18:00:00+00:00,FROZEN_SENSOR,sea_level_pressure_hpa,1025.465605606611,1024.465605606611,2024-01-03 09:00:00+00:00,2024-01-07 03:00:00+00:00,30.0,1,True,{'frozen_value': 1024.465605606611}
ANOM-000011,42182099999,2024-01-03 21:00:00+00:00,FROZEN_SENSOR,sea_level_pressure_hpa,1025.265605606611,1024.465605606611,2024-01-03 09:00:00+00:00,2024-01-07 03:00:00+00:00,30.0,1,True,{'frozen_value': 1024.465605606611}
ANOM-000011,42182099999,2024-01-04 00:00:00+00:00,FROZEN_SENSOR,sea_level_pressure_hpa,1025.765605606611,1024.465605606611,2024-01-03 09:00:00+00:00,2024-01-07 03:00:00+00:00,30.0,1,True,{'frozen_value': 1024.465605606611}
ANOM-000011,42182099999,2024-01-04 03:00:00+00:00,FROZEN_SENSOR,sea_level_pressure_hpa,1027.965605606611,1024.465605606611,2024-01-03 09:00:00+00:00,2024-01-07 03:00:00+00:00,30.0,1,True,{'frozen_value': 1024.465605606611}
ANOM-000011,42182099999,2024-01-04 06:00:00+00:00,FROZEN_SENSOR,sea_level_pressure_hpa,1027.965605606611,1024.465605606611,2024-01-03 09:00:00+00:00,2024-01-07 03:00:00+00:00,30.0,1,True,{'frozen_value': 1024.465605606611}
ANOM-000011,42182099999,2024-01-04 15:00:00+00:00,FROZEN_SENSOR,sea_level_pressure_hpa,1025.665605606611,1024.465605606611,2024-01-03 09:00:00+00:00,2024-01-07 03:00:00+00:00,30.0,1,True,{'frozen_value': 1024.465605606611}
ANOM-000011,42182099999,2024-01-04 18:00:00+00:00,FROZEN_SENSOR,sea_level_pressure_hpa,1025.265605606611,1024.465605606611,2024-01-03 09:00:00+00:00,2024-01-07 03:00:00+00:00,30.0,1,True,{'frozen_value': 1024.465605606611}
ANOM-000011,42182099999,2024-01-04 21:00:00+00:00,FROZEN_SENSOR,sea_level_pressure_hpa,1024.965605606611,1024.465605606611,2024-01-03 09:00:00+00:00,2024-01-07 03:00:00+00:00,30.0,1,True,{'frozen_value': 1024.465605606611}
ANOM-000011,42182099999,2024-01-05 00:00:00+00:00,FROZEN_SENSOR,sea_level_pressure_hpa,1025.165605606611,1024.465605606611,2024-01-03 09:00:00+00:00,2024-01-07 03:00:00+00:00,30.0,1,True,{'frozen_value': 1024.465605606611}
ANOM-000011,42182099999,2024-01-05 03:00:00+00:00,FROZEN_SENSOR,sea_level_pressure_hpa,1026.8656056066109,1024.465605606611,2024-01-03 09:00:00+00:00,2024-01-07 03:00:00+00:00,30.0,1,True,{'frozen_value': 1024.465605606611}
ANOM-000011,42182099999,2024-01-05 06:00:00+00:00,FROZEN_SENSOR,sea_level_pressure_hpa,1027.265605606611,1024.465605606611,2024-01-03 09:00:00+00:00,2024-01-07 03:00:00+00:00,30.0,1,True,{'frozen_value': 1024.465605606611}
ANOM-000011,42182099999,2024-01-05 09:00:00+00:00,FROZEN_SENSOR,sea_level_pressure_hpa,1024.765605606611,1024.465605606611,2024-01-03 09:00:00+00:00,2024-01-07 03:00:00+00:00,30.0,1,True,{'frozen_value': 1024.465605606611}
ANOM-000011,42182099999,2024-01-05 12:00:00+00:00,FROZEN_SENSOR,sea_level_pressure_hpa,1024.8656056066109,1024.465605606611,2024-01-03 09:00:00+00:00,2024-01-07 03:00:00+00:00,30.0,1,True,{'frozen_value': 1024.465605606611}
ANOM-000011,42182099999,2024-01-05 15:00:00+00:00,FROZEN_SENSOR,sea_level_pressure_hpa,1026.765605606611,1024.465605606611,2024-01-03 09:00:00+00:00,2024-01-07 03:00:00+00:00,30.0,1,True,{'frozen_value': 1024.465605606611}
ANOM-000011,42182099999,2024-01-05 18:00:00+00:00,FROZEN_SENSOR,sea_level_pressure_hpa,1027.065605606611,1024.465605606611,2024-01-03 09:00:00+00:00,2024-01-07 03:00:00+00:00,30.0,1,True,{'frozen_value': 1024.465605606611}
ANOM-000011,42182099999,2024-01-05 21:00:00+00:00,FROZEN_SENSOR,sea_level_pressure_hpa,1026.665605606611,1024.465605606611,2024-01-03 09:00:00+00:00,2024-01-07 03:00:00+00:00,30.0,1,True,{'frozen_value': 1024.465605606611}
ANOM-000011,42182099999,2024-01-06 00:00:00+00:00,FROZEN_SENSOR,sea_level_pressure_hpa,1026.265605606611,1024.465605606611,2024-01-03 09:00:00+00:00,2024-01-07 03:00:00+00:00,30.0,1,True,{'frozen_value': 1024.465605606611}
ANOM-000011,42182099999,2024-01-06 03:00:00+00:00,FROZEN_SENSOR,sea_level_pressure_hpa,1028.165605606611,1024.465605606611,2024-01-03 09:00:00+00:00,2024-01-07 03:00:00+00:00,30.0,1,True,{'frozen_value': 1024.465605606611}
ANOM-000011,42182099999,2024-01-06 06:00:00+00:00,FROZEN_SENSOR,sea_level_pressure_hpa,1029.065605606611,1024.465605606611,2024-01-03 09:00:00+00:00,2024-01-07 03:00:00+00:00,30.0,1,True,{'frozen_value': 1024.465605606611}
ANOM-000011,42182099999,2024-01-06 09:00:00+00:00,FROZEN_SENSOR,sea_level_pressure_hpa,1019.0,1024.465605606611,2024-01-03 09:00:00+00:00,2024-01-07 03:00:00+00:00,30.0,1,True,{'frozen_value': 1024.465605606611}
ANOM-000011,42182099999,2024-01-06 12:00:00+00:00,FROZEN_SENSOR,sea_level_pressure_hpa,1019.2,1024.465605606611,2024-01-03 09:00:00+00:00,2024-01-07 03:00:00+00:00,30.0,1,True,{'frozen_value': 1024.465605606611}
ANOM-000011,42182099999,2024-01-06 15:00:00+00:00,FROZEN_SENSOR,sea_level_pressure_hpa,1020.7,1024.465605606611,2024-01-03 09:00:00+00:00,2024-01-07 03:00:00+00:00,30.0,1,True,{'frozen_value': 1024.465605606611}
ANOM-000011,42182099999,2024-01-06 18:00:00+00:00,FROZEN_SENSOR,sea_level_pressure_hpa,1020.9,1024.465605606611,2024-01-03 09:00:00+00:00,2024-01-07 03:00:00+00:00,30.0,1,True,{'frozen_value': 1024.465605606611}
ANOM-000011,42182099999,2024-01-06 21:00:00+00:00,FROZEN_SENSOR,sea_level_pressure_hpa,1020.5,1024.465605606611,2024-01-03 09:00:00+00:00,2024-01-07 03:00:00+00:00,30.0,1,True,{'frozen_value': 1024.465605606611}
ANOM-000011,42182099999,2024-01-07 00:00:00+00:00,FROZEN_SENSOR,sea_level_pressure_hpa,1020.5,1024.465605606611,2024-01-03 09:00:00+00:00,2024-01-07 03:00:00+00:00,30.0,1,True,{'frozen_value': 1024.465605606611}
ANOM-000011,42182099999,2024-01-07 03:00:00+00:00,FROZEN_SENSOR,sea_level_pressure_hpa,1020.5,1024.465605606611,2024-01-03 09:00:00+00:00,2024-01-07 03:00:00+00:00,30.0,1,True,{'frozen_value': 1024.465605606611}
ANOM-000011,42182099999,2024-01-07 03:00:00+00:00,FROZEN_SENSOR,sea_level_pressure_hpa,1024.465605606611,1024.465605606611,2024-01-03 09:00:00+00:00,2024-01-07 03:00:00+00:00,30.0,1,True,{'frozen_value': 1024.465605606611}
ANOM-000012,42182099999,2024-01-03 09:00:00+00:00,FROZEN_SENSOR,relative_humidity_pct,59.35098117106386,59.35098117106386,2024-01-03 09:00:00+00:00,2024-01-07 06:00:00+00:00,32.0,1,True,{'frozen_value': 59.35098117106386}
ANOM-000012,42182099999,2024-01-03 12:00:00+00:00,FROZEN_SENSOR,relative_humidity_pct,81.56484055001953,59.35098117106386,2024-01-03 09:00:00+00:00,2024-01-07 06:00:00+00:00,32.0,1,True,{'frozen_value': 59.35098117106386}
ANOM-000012,42182099999,2024-01-03 15:00:00+00:00,FROZEN_SENSOR,relative_humidity_pct,89.01098117106386,59.35098117106386,2024-01-03 09:00:00+00:00,2024-01-07 06:00:00+00:00,32.0,1,True,{'frozen_value': 59.35098117106386}
ANOM-000012,42182099999,2024-01-03 18:00:00+00:00,FROZEN_SENSOR,relative_humidity_pct,91.53098117106386,59.35098117106386,2024-01-03 09:00:00+00:00,2024-01-07 06:00:00+00:00,32.0,1,True,{'frozen_value': 59.35098117106386}
ANOM-000012,42182099999,2024-01-03 21:00:00+00:00,FROZEN_SENSOR,relative_humidity_pct,91.54098117106386,59.35098117106386,2024-01-03 09:00:00+00:00,2024-01-07 06:00:00+00:00,32.0,1,True,{'frozen_value': 59.35098117106386}
ANOM-000012,42182099999,2024-01-04 00:00:00+00:00,FROZEN_SENSOR,relative_humidity_pct,82.09683918279055,59.35098117106386,2024-01-03 09:00:00+00:00,2024-01-07 06:00:00+00:00,32.0,1,True,{'frozen_value': 59.35098117106386}
ANOM-000012,42182099999,2024-01-04 03:00:00+00:00,FROZEN_SENSOR,relative_humidity_pct,77.13683918279055,59.35098117106386,2024-01-03 09:00:00+00:00,2024-01-07 06:00:00+00:00,32.0,1,True,{'frozen_value': 59.35098117106386}
ANOM-000012,42182099999,2024-01-04 06:00:00+00:00,FROZEN_SENSOR,relative_humidity_pct,70.33683918279054,59.35098117106386,2024-01-03 09:00:00+00:00,2024-01-07 06:00:00+00:00,32.0,1,True,{'frozen_value': 59.35098117106386}
ANOM-000012,42182099999,2024-01-04 15:00:00+00:00,FROZEN_SENSOR,relative_humidity_pct,86.63098117106385,59.35098117106386,2024-01-03 09:00:00+00:00,2024-01-07 06:00:00+00:00,32.0,1,True,{'frozen_value': 59.35098117106386}
ANOM-000012,42182099999,2024-01-04 18:00:00+00:00,FROZEN_SENSOR,relative_humidity_pct,89.04098117106386,59.35098117106386,2024-01-03 09:00:00+00:00,2024-01-07 06:00:00+00:00,32.0,1,True,{'frozen_value': 59.35098117106386}
ANOM-000012,42182099999,2024-01-04 21:00:00+00:00,FROZEN_SENSOR,relative_humidity_pct,92.24,59.35098117106386,2024-01-03 09:00:00+00:00,2024-01-07 06:00:00+00:00,32.0,1,True,{'frozen_value': 59.35098117106386}
ANOM-000012,42182099999,2024-01-05 00:00:00+00:00,FROZEN_SENSOR,relative_humidity_pct,92.24,59.35098117106386,2024-01-03 09:00:00+00:00,2024-01-07 06:00:00+00:00,32.0,1,True,{'frozen_value': 59.35098117106386}
ANOM-000012,42182099999,2024-01-05 03:00:00+00:00,FROZEN_SENSOR,relative_humidity_pct,92.34,59.35098117106386,2024-01-03 09:00:00+00:00,2024-01-07 06:00:00+00:00,32.0,1,True,{'frozen_value': 59.35098117106386}
ANOM-000012,42182099999,2024-01-05 06:00:00+00:00,FROZEN_SENSOR,relative_humidity_pct,85.97,59.35098117106386,2024-01-03 09:00:00+00:00,2024-01-07 06:00:00+00:00,32.0,1,True,{'frozen_value': 59.35098117106386}
ANOM-000012,42182099999,2024-01-05 09:00:00+00:00,FROZEN_SENSOR,relative_humidity_pct,86.6,59.35098117106386,2024-01-03 09:00:00+00:00,2024-01-07 06:00:00+00:00,32.0,1,True,{'frozen_value': 59.35098117106386}
ANOM-000012,42182099999,2024-01-05 12:00:00+00:00,FROZEN_SENSOR,relative_humidity_pct,93.04,59.35098117106386,2024-01-03 09:00:00+00:00,2024-01-07 06:00:00+00:00,32.0,1,True,{'frozen_value': 59.35098117106386}
ANOM-000012,42182099999,2024-01-05 15:00:00+00:00,FROZEN_SENSOR,relative_humidity_pct,93.01,59.35098117106386,2024-01-03 09:00:00+00:00,2024-01-07 06:00:00+00:00,32.0,1,True,{'frozen_value': 59.35098117106386}
ANOM-000012,42182099999,2024-01-05 18:00:00+00:00,FROZEN_SENSOR,relative_humidity_pct,97.39,59.35098117106386,2024-01-03 09:00:00+00:00,2024-01-07 06:00:00+00:00,32.0,1,True,{'frozen_value': 59.35098117106386}
ANOM-000012,42182099999,2024-01-05 21:00:00+00:00,FROZEN_SENSOR,relative_humidity_pct,100.0,59.35098117106386,2024-01-03 09:00:00+00:00,2024-01-07 06:00:00+00:00,32.0,1,True,{'frozen_value': 59.35098117106386}
ANOM-000012,42182099999,2024-01-06 00:00:00+00:00,FROZEN_SENSOR,relative_humidity_pct,100.0,59.35098117106386,2024-01-03 09:00:00+00:00,2024-01-07 06:00:00+00:00,32.0,1,True,{'frozen_value': 59.35098117106386}
ANOM-000012,42182099999,2024-01-06 03:00:00+00:00,FROZEN_SENSOR,relative_humidity_pct,100.0,59.35098117106386,2024-01-03 09:00:00+00:00,2024-01-07 06:00:00+00:00,32.0,1,True,{'frozen_value': 59.35098117106386}
ANOM-000012,42182099999,2024-01-06 06:00:00+00:00,FROZEN_SENSOR,relative_humidity_pct,79.28,59.35098117106386,2024-01-03 09:00:00+00:00,2024-01-07 06:00:00+00:00,32.0,1,True,{'frozen_value': 59.35098117106386}
ANOM-000012,42182099999,2024-01-06 09:00:00+00:00,FROZEN_SENSOR,relative_humidity_pct,70.54,59.35098117106386,2024-01-03 09:00:00+00:00,2024-01-07 06:00:00+00:00,32.0,1,True,{'frozen_value': 59.35098117106386}
ANOM-000012,42182099999,2024-01-06 12:00:00+00:00,FROZEN_SENSOR,relative_humidity_pct,76.76,59.35098117106386,2024-01-03 09:00:00+00:00,2024-01-07 06:00:00+00:00,32.0,1,True,{'frozen_value': 59.35098117106386}
ANOM-000012,42182099999,2024-01-06 15:00:00+00:00,FROZEN_SENSOR,relative_humidity_pct,83.52,59.35098117106386,2024-01-03 09:00:00+00:00,2024-01-07 06:00:00+00:00,32.0,1,True,{'frozen_value': 59.35098117106386}
ANOM-000012,42182099999,2024-01-06 18:00:00+00:00,FROZEN_SENSOR,relative_humidity_pct,94.71,59.35098117106386,2024-01-03 09:00:00+00:00,2024-01-07 06:00:00+00:00,32.0,1,True,{'frozen_value': 59.35098117106386}
ANOM-000012,42182099999,2024-01-06 21:00:00+00:00,FROZEN_SENSOR,relative_humidity_pct,94.05,59.35098117106386,2024-01-03 09:00:00+00:00,2024-01-07 06:00:00+00:00,32.0,1,True,{'frozen_value': 59.35098117106386}
ANOM-000012,42182099999,2024-01-07 00:00:00+00:00,FROZEN_SENSOR,relative_humidity_pct,86.77,59.35098117106386,2024-01-03 09:00:00+00:00,2024-01-07 06:00:00+00:00,32.0,1,True,{'frozen_value': 59.35098117106386}
ANOM-000012,42182099999,2024-01-07 03:00:00+00:00,FROZEN_SENSOR,relative_humidity_pct,79.47,59.35098117106386,2024-01-03 09:00:00+00:00,2024-01-07 06:00:00+00:00,32.0,1,True,{'frozen_value': 59.35098117106386}
ANOM-000012,42182099999,2024-01-07 03:00:00+00:00,FROZEN_SENSOR,relative_humidity_pct,81.62,59.35098117106386,2024-01-03 09:00:00+00:00,2024-01-07 06:00:00+00:00,32.0,1,True,{'frozen_value': 59.35098117106386}
ANOM-000012,42182099999,2024-01-07 03:30:00+00:00,FROZEN_SENSOR,relative_humidity_pct,76.36,59.35098117106386,2024-01-03 09:00:00+00:00,2024-01-07 06:00:00+00:00,32.0,1,True,{'frozen_value': 59.35098117106386}
ANOM-000012,42182099999,2024-01-07 06:00:00+00:00,FROZEN_SENSOR,relative_humidity_pct,68.95,59.35098117106386,2024-01-03 09:00:00+00:00,2024-01-07 06:00:00+00:00,32.0,1,True,{'frozen_value': 59.35098117106386}
ANOM-000013,42182099999,2024-01-02 09:00:00+00:00,INTERMITTENT_FREEZE,temperature_c,22.741773478876496,22.741773478876496,2024-01-02 09:00:00+00:00,2024-01-04 18:00:00+00:00,3.0,1,True,{'repetition': 1}
ANOM-000013,42182099999,2024-01-02 12:00:00+00:00,INTERMITTENT_FREEZE,temperature_c,20.841773478876497,22.741773478876496,2024-01-02 09:00:00+00:00,2024-01-04 18:00:00+00:00,3.0,1,True,{'repetition': 1}
ANOM-000013,42182099999,2024-01-02 15:00:00+00:00,INTERMITTENT_FREEZE,temperature_c,13.976271734457493,22.741773478876496,2024-01-02 09:00:00+00:00,2024-01-04 18:00:00+00:00,3.0,1,True,{'repetition': 1}
ANOM-000013,42182099999,2024-01-03 03:00:00+00:00,INTERMITTENT_FREEZE,temperature_c,4.77249127790499,4.77249127790499,2024-01-02 09:00:00+00:00,2024-01-04 18:00:00+00:00,3.0,1,True,{'repetition': 2}
ANOM-000013,42182099999,2024-01-03 06:00:00+00:00,INTERMITTENT_FREEZE,temperature_c,5.406989533485988,4.77249127790499,2024-01-02 09:00:00+00:00,2024-01-04 18:00:00+00:00,3.0,1,True,{'repetition': 2}
ANOM-000013,42182099999,2024-01-03 09:00:00+00:00,INTERMITTENT_FREEZE,temperature_c,8.441487789066986,4.77249127790499,2024-01-02 09:00:00+00:00,2024-01-04 18:00:00+00:00,3.0,1,True,{'repetition': 2}
ANOM-000013,42182099999,2024-01-03 21:00:00+00:00,INTERMITTENT_FREEZE,temperature_c,-3.4399297648139173,-3.4399297648139173,2024-01-02 09:00:00+00:00,2024-01-04 18:00:00+00:00,3.0,1,True,{'repetition': 3}
ANOM-000013,42182099999,2024-01-04 00:00:00+00:00,INTERMITTENT_FREEZE,temperature_c,-5.815136797335368,-3.4399297648139173,2024-01-02 09:00:00+00:00,2024-01-04 18:00:00+00:00,3.0,1,True,{'repetition': 3}
ANOM-000013,42182099999,2024-01-04 03:00:00+00:00,INTERMITTENT_FREEZE,temperature_c,-7.390343829856818,-3.4399297648139173,2024-01-02 09:00:00+00:00,2024-01-04 18:00:00+00:00,3.0,1,True,{'repetition': 3}
ANOM-000014,42182099999,2024-01-03 21:00:00+00:00,INTERMITTENT_FREEZE,relative_humidity_pct,59.35098117106386,59.35098117106386,2024-01-03 21:00:00+00:00,2024-01-06 06:00:00+00:00,3.0,1,True,{'repetition': 1}
ANOM-000014,42182099999,2024-01-04 00:00:00+00:00,INTERMITTENT_FREEZE,relative_humidity_pct,59.35098117106386,59.35098117106386,2024-01-03 21:00:00+00:00,2024-01-06 06:00:00+00:00,3.0,1,True,{'repetition': 1}
ANOM-000014,42182099999,2024-01-04 03:00:00+00:00,INTERMITTENT_FREEZE,relative_humidity_pct,59.35098117106386,59.35098117106386,2024-01-03 21:00:00+00:00,2024-01-06 06:00:00+00:00,3.0,1,True,{'repetition': 1}
ANOM-000014,42182099999,2024-01-04 21:00:00+00:00,INTERMITTENT_FREEZE,relative_humidity_pct,59.35098117106386,59.35098117106386,2024-01-03 21:00:00+00:00,2024-01-06 06:00:00+00:00,3.0,1,True,{'repetition': 2}
ANOM-000014,42182099999,2024-01-05 00:00:00+00:00,INTERMITTENT_FREEZE,relative_humidity_pct,59.35098117106386,59.35098117106386,2024-01-03 21:00:00+00:00,2024-01-06 06:00:00+00:00,3.0,1,True,{'repetition': 2}
ANOM-000014,42182099999,2024-01-05 03:00:00+00:00,INTERMITTENT_FREEZE,relative_humidity_pct,59.35098117106386,59.35098117106386,2024-01-03 21:00:00+00:00,2024-01-06 06:00:00+00:00,3.0,1,True,{'repetition': 2}
ANOM-000014,42182099999,2024-01-05 15:00:00+00:00,INTERMITTENT_FREEZE,relative_humidity_pct,59.35098117106386,59.35098117106386,2024-01-03 21:00:00+00:00,2024-01-06 06:00:00+00:00,3.0,1,True,{'repetition': 3}
ANOM-000014,42182099999,2024-01-05 18:00:00+00:00,INTERMITTENT_FREEZE,relative_humidity_pct,59.35098117106386,59.35098117106386,2024-01-03 21:00:00+00:00,2024-01-06 06:00:00+00:00,3.0,1,True,{'repetition': 3}
ANOM-000014,42182099999,2024-01-05 21:00:00+00:00,INTERMITTENT_FREEZE,relative_humidity_pct,59.35098117106386,59.35098117106386,2024-01-03 21:00:00+00:00,2024-01-06 06:00:00+00:00,3.0,1,True,{'repetition': 3}
ANOM-000015,42182099999,2024-01-01 06:00:00+00:00,MISSING_DATA,all_parameters,81.51,,2024-01-01 06:00:00+00:00,2024-01-02 09:00:00+00:00,10.0,1,True,{'dropped_index': 1}
ANOM-000015,42182099999,2024-01-01 09:00:00+00:00,MISSING_DATA,all_parameters,60.4,,2024-01-01 06:00:00+00:00,2024-01-02 09:00:00+00:00,10.0,1,True,{'dropped_index': 2}
ANOM-000015,42182099999,2024-01-01 12:00:00+00:00,MISSING_DATA,all_parameters,76.62,,2024-01-01 06:00:00+00:00,2024-01-02 09:00:00+00:00,10.0,1,True,{'dropped_index': 3}
ANOM-000015,42182099999,2024-01-01 15:00:00+00:00,MISSING_DATA,all_parameters,81.95098117106386,,2024-01-01 06:00:00+00:00,2024-01-02 09:00:00+00:00,10.0,1,True,{'dropped_index': 4}
ANOM-000015,42182099999,2024-01-01 18:00:00+00:00,MISSING_DATA,all_parameters,86.60098117106385,,2024-01-01 06:00:00+00:00,2024-01-02 09:00:00+00:00,10.0,1,True,{'dropped_index': 5}
ANOM-000015,42182099999,2024-01-01 21:00:00+00:00,MISSING_DATA,all_parameters,91.54098117106386,,2024-01-01 06:00:00+00:00,2024-01-02 09:00:00+00:00,10.0,1,True,{'dropped_index': 6}
ANOM-000015,42182099999,2024-01-02 00:00:00+00:00,MISSING_DATA,all_parameters,89.01098117106386,,2024-01-01 06:00:00+00:00,2024-01-02 09:00:00+00:00,10.0,1,True,{'dropped_index': 7}
ANOM-000015,42182099999,2024-01-02 03:00:00+00:00,MISSING_DATA,all_parameters,81.24098117106385,,2024-01-01 06:00:00+00:00,2024-01-02 09:00:00+00:00,10.0,1,True,{'dropped_index': 8}
ANOM-000015,42182099999,2024-01-02 06:00:00+00:00,MISSING_DATA,all_parameters,64.55098117106385,,2024-01-01 06:00:00+00:00,2024-01-02 09:00:00+00:00,10.0,1,True,{'dropped_index': 9}
ANOM-000015,42182099999,2024-01-02 09:00:00+00:00,MISSING_DATA,all_parameters,51.750981171063856,,2024-01-01 06:00:00+00:00,2024-01-02 09:00:00+00:00,10.0,1,True,{'dropped_index': 10}
ANOM-000016,42182099999,2024-01-02 18:00:00+00:00,MISSING_DATA,all_parameters,91.51098117106386,,2024-01-02 18:00:00+00:00,2024-01-03 03:00:00+00:00,4.0,1,True,{'dropped_index': 3}
ANOM-000016,42182099999,2024-01-02 21:00:00+00:00,MISSING_DATA,all_parameters,91.50098117106386,,2024-01-02 18:00:00+00:00,2024-01-03 03:00:00+00:00,4.0,1,True,{'dropped_index': 4}
ANOM-000016,42182099999,2024-01-03 00:00:00+00:00,MISSING_DATA,all_parameters,83.49098117106385,,2024-01-02 18:00:00+00:00,2024-01-03 03:00:00+00:00,4.0,1,True,{'dropped_index': 5}
ANOM-000016,42182099999,2024-01-03 03:00:00+00:00,MISSING_DATA,all_parameters,85.93098117106386,,2024-01-02 18:00:00+00:00,2024-01-03 03:00:00+00:00,4.0,1,True,{'dropped_index': 6}
ANOM-000017,42182099999,2024-01-04 15:00:00+00:00,COMMUNICATION_GAP,all_parameters,59.35098117106386,,2024-01-04 15:00:00+00:00,2024-01-05 06:00:00+00:00,6.0,1,True,{'dropped_index': 12}
ANOM-000017,42182099999,2024-01-04 18:00:00+00:00,COMMUNICATION_GAP,all_parameters,59.35098117106386,,2024-01-04 15:00:00+00:00,2024-01-05 06:00:00+00:00,6.0,1,True,{'dropped_index': 13}
ANOM-000017,42182099999,2024-01-04 21:00:00+00:00,COMMUNICATION_GAP,all_parameters,59.35098117106386,,2024-01-04 15:00:00+00:00,2024-01-05 06:00:00+00:00,6.0,1,True,{'dropped_index': 14}
ANOM-000017,42182099999,2024-01-05 00:00:00+00:00,COMMUNICATION_GAP,all_parameters,59.35098117106386,,2024-01-04 15:00:00+00:00,2024-01-05 06:00:00+00:00,6.0,1,True,{'dropped_index': 15}
ANOM-000017,42182099999,2024-01-05 03:00:00+00:00,COMMUNICATION_GAP,all_parameters,59.35098117106386,,2024-01-04 15:00:00+00:00,2024-01-05 06:00:00+00:00,6.0,1,True,{'dropped_index': 16}
ANOM-000017,42182099999,2024-01-05 06:00:00+00:00,COMMUNICATION_GAP,all_parameters,59.35098117106386,,2024-01-04 15:00:00+00:00,2024-01-05 06:00:00+00:00,6.0,1,True,{'dropped_index': 17}
ANOM-000018,42182099999,2024-01-03 06:00:00+00:00,COMMUNICATION_GAP,all_parameters,84.27098117106385,,2024-01-03 06:00:00+00:00,2024-01-04 06:00:00+00:00,9.0,1,True,{'dropped_index': 3}
ANOM-000018,42182099999,2024-01-03 09:00:00+00:00,COMMUNICATION_GAP,all_parameters,59.35098117106386,,2024-01-03 06:00:00+00:00,2024-01-04 06:00:00+00:00,9.0,1,True,{'dropped_index': 4}
ANOM-000018,42182099999,2024-01-03 12:00:00+00:00,COMMUNICATION_GAP,all_parameters,59.35098117106386,,2024-01-03 06:00:00+00:00,2024-01-04 06:00:00+00:00,9.0,1,True,{'dropped_index': 5}
ANOM-000018,42182099999,2024-01-03 15:00:00+00:00,COMMUNICATION_GAP,all_parameters,59.35098117106386,,2024-01-03 06:00:00+00:00,2024-01-04 06:00:00+00:00,9.0,1,True,{'dropped_index': 6}
ANOM-000018,42182099999,2024-01-03 18:00:00+00:00,COMMUNICATION_GAP,all_parameters,59.35098117106386,,2024-01-03 06:00:00+00:00,2024-01-04 06:00:00+00:00,9.0,1,True,{'dropped_index': 7}
ANOM-000018,42182099999,2024-01-03 21:00:00+00:00,COMMUNICATION_GAP,all_parameters,59.35098117106386,,2024-01-03 06:00:00+00:00,2024-01-04 06:00:00+00:00,9.0,1,True,{'dropped_index': 8}
ANOM-000018,42182099999,2024-01-04 00:00:00+00:00,COMMUNICATION_GAP,all_parameters,59.35098117106386,,2024-01-03 06:00:00+00:00,2024-01-04 06:00:00+00:00,9.0,1,True,{'dropped_index': 9}
ANOM-000018,42182099999,2024-01-04 03:00:00+00:00,COMMUNICATION_GAP,all_parameters,59.35098117106386,,2024-01-03 06:00:00+00:00,2024-01-04 06:00:00+00:00,9.0,1,True,{'dropped_index': 10}
ANOM-000018,42182099999,2024-01-04 06:00:00+00:00,COMMUNICATION_GAP,all_parameters,59.35098117106386,,2024-01-03 06:00:00+00:00,2024-01-04 06:00:00+00:00,9.0,1,True,{'dropped_index': 11}
ANOM-000019,42182099999,2024-01-06 06:00:00+00:00,DUPLICATE_DATA,relative_humidity_pct,59.35098117106386,59.35098117106386,2024-01-06 06:00:00+00:00,2024-01-06 06:00:00+00:00,1.0,1,True,{}
ANOM-000020,42182099999,2024-01-02 12:00:00+00:00,DUPLICATE_DATA,sea_level_pressure_hpa,1023.465605606611,1023.465605606611,2024-01-02 12:00:00+00:00,2024-01-02 12:00:00+00:00,1.0,1,True,{}
ANOM-000021,42182099999,2024-01-05 18:00:00+00:00,OUT_OF_ORDER_DATA,timestamp_order,,,2024-01-05 18:00:00+00:00,2024-01-06 03:00:00+00:00,4.0,1,True,{}
ANOM-000022,42182099999,2024-01-02 12:00:00+00:00,OUT_OF_ORDER_DATA,timestamp_order,,,2024-01-02 12:00:00+00:00,2024-01-05 09:00:00+00:00,4.0,1,True,{}
ANOM-000023,42182099999,2024-01-06 00:00:00+00:00,RANDOM_NOISE,sea_level_pressure_hpa,1024.465605606611,1024.6989772248924,2024-01-06 00:00:00+00:00,2024-01-06 21:00:00+00:00,2.0,1,True,{}
ANOM-000023,42182099999,2024-01-06 03:00:00+00:00,RANDOM_NOISE,sea_level_pressure_hpa,1024.465605606611,1024.9029828000691,2024-01-06 00:00:00+00:00,2024-01-06 21:00:00+00:00,2.0,1,True,{}
ANOM-000023,42182099999,2024-01-06 06:00:00+00:00,RANDOM_NOISE,sea_level_pressure_hpa,1024.465605606611,1026.2084631625073,2024-01-06 00:00:00+00:00,2024-01-06 21:00:00+00:00,2.0,1,True,{}
ANOM-000023,42182099999,2024-01-06 06:00:00+00:00,RANDOM_NOISE,sea_level_pressure_hpa,1024.465605606611,1024.9127967041604,2024-01-06 00:00:00+00:00,2024-01-06 21:00:00+00:00,2.0,1,True,{}
ANOM-000023,42182099999,2024-01-06 09:00:00+00:00,RANDOM_NOISE,sea_level_pressure_hpa,1024.465605606611,1025.8234327327548,2024-01-06 00:00:00+00:00,2024-01-06 21:00:00+00:00,2.0,1,True,{}
ANOM-000023,42182099999,2024-01-06 12:00:00+00:00,RANDOM_NOISE,sea_level_pressure_hpa,1024.465605606611,1024.600763745589,2024-01-06 00:00:00+00:00,2024-01-06 21:00:00+00:00,2.0,1,True,{}
ANOM-000023,42182099999,2024-01-06 15:00:00+00:00,RANDOM_NOISE,sea_level_pressure_hpa,1024.465605606611,1025.043844403991,2024-01-06 00:00:00+00:00,2024-01-06 21:00:00+00:00,2.0,1,True,{}
ANOM-000023,42182099999,2024-01-06 18:00:00+00:00,RANDOM_NOISE,sea_level_pressure_hpa,1024.465605606611,1025.728182058288,2024-01-06 00:00:00+00:00,2024-01-06 21:00:00+00:00,2.0,1,True,{}
ANOM-000023,42182099999,2024-01-06 21:00:00+00:00,RANDOM_NOISE,sea_level_pressure_hpa,1024.465605606611,1021.5512939668997,2024-01-06 00:00:00+00:00,2024-01-06 21:00:00+00:00,2.0,1,True,{}
ANOM-000024,42182099999,2024-01-06 00:00:00+00:00,RANDOM_NOISE,temperature_c,-40.41844931767857,-41.35919462626416,2024-01-06 00:00:00+00:00,2024-01-07 03:30:00+00:00,2.0,1,True,{}
ANOM-000024,42182099999,2024-01-06 03:00:00+00:00,RANDOM_NOISE,temperature_c,-41.793656350200024,-43.07141204668671,2024-01-06 00:00:00+00:00,2024-01-07 03:30:00+00:00,2.0,1,True,{}
ANOM-000024,42182099999,2024-01-06 06:00:00+00:00,RANDOM_NOISE,temperature_c,-41.568863382721474,-42.11914788517484,2024-01-06 00:00:00+00:00,2024-01-07 03:30:00+00:00,2.0,1,True,{}
ANOM-000024,42182099999,2024-01-06 06:00:00+00:00,RANDOM_NOISE,temperature_c,-41.568863382721474,-38.57898076025268,2024-01-06 00:00:00+00:00,2024-01-07 03:30:00+00:00,2.0,1,True,{}
ANOM-000024,42182099999,2024-01-06 09:00:00+00:00,RANDOM_NOISE,temperature_c,-41.844070415242925,-43.57573264662941,2024-01-06 00:00:00+00:00,2024-01-07 03:30:00+00:00,2.0,1,True,{}
ANOM-000024,42182099999,2024-01-06 12:00:00+00:00,RANDOM_NOISE,temperature_c,-17.39605582140806,-15.459499112225096,2024-01-06 00:00:00+00:00,2024-01-07 03:30:00+00:00,2.0,1,True,{}
ANOM-000024,42182099999,2024-01-06 15:00:00+00:00,RANDOM_NOISE,temperature_c,-20.16155756582706,-23.52729710905867,2024-01-06 00:00:00+00:00,2024-01-07 03:30:00+00:00,2.0,1,True,{}
ANOM-000024,42182099999,2024-01-06 18:00:00+00:00,RANDOM_NOISE,temperature_c,-24.427059310246065,-25.096829370217616,2024-01-06 00:00:00+00:00,2024-01-07 03:30:00+00:00,2.0,1,True,{}
ANOM-000024,42182099999,2024-01-06 21:00:00+00:00,RANDOM_NOISE,temperature_c,-25.792561054665065,-25.467054924455052,2024-01-06 00:00:00+00:00,2024-01-07 03:30:00+00:00,2.0,1,True,{}
ANOM-000024,42182099999,2024-01-07 00:00:00+00:00,RANDOM_NOISE,temperature_c,-24.958062799084065,-23.785618136365507,2024-01-06 00:00:00+00:00,2024-01-07 03:30:00+00:00,2.0,1,True,{}
ANOM-000024,42182099999,2024-01-07 03:00:00+00:00,RANDOM_NOISE,temperature_c,10.4,11.82245315958571,2024-01-06 00:00:00+00:00,2024-01-07 03:30:00+00:00,2.0,1,True,{}
ANOM-000024,42182099999,2024-01-07 03:00:00+00:00,RANDOM_NOISE,temperature_c,10.0,11.58669447039985,2024-01-06 00:00:00+00:00,2024-01-07 03:30:00+00:00,2.0,1,True,{}
ANOM-000024,42182099999,2024-01-07 03:30:00+00:00,RANDOM_NOISE,temperature_c,11.0,10.302549855503125,2024-01-06 00:00:00+00:00,2024-01-07 03:30:00+00:00,2.0,1,True,{}
ANOM-000025,42182099999,2024-01-05 09:00:00+00:00,MULTIVARIATE_INCONSISTENCY,temperature_c,-25.14241415507132,-16.691242292723505,2024-01-05 09:00:00+00:00,2024-01-06 06:00:00+00:00,8.451171862347817,1,True,{'divergence_type': 'temp_jump_rh_static'}
ANOM-000025,42182099999,2024-01-05 12:00:00+00:00,MULTIVARIATE_INCONSISTENCY,temperature_c,-28.317621187592774,-19.866449325244957,2024-01-05 09:00:00+00:00,2024-01-06 06:00:00+00:00,8.451171862347817,1,True,{'divergence_type': 'temp_jump_rh_static'}
ANOM-000025,42182099999,2024-01-05 15:00:00+00:00,MULTIVARIATE_INCONSISTENCY,temperature_c,-30.892828220114225,-22.44165635776641,2024-01-05 09:00:00+00:00,2024-01-06 06:00:00+00:00,8.451171862347817,1,True,{'divergence_type': 'temp_jump_rh_static'}
ANOM-000025,42182099999,2024-01-05 21:00:00+00:00,MULTIVARIATE_INCONSISTENCY,temperature_c,-37.443242285157126,-28.99207042280931,2024-01-05 09:00:00+00:00,2024-01-06 06:00:00+00:00,8.451171862347817,1,True,{'divergence_type': 'temp_jump_rh_static'}
ANOM-000025,42182099999,2024-01-05 18:00:00+00:00,MULTIVARIATE_INCONSISTENCY,temperature_c,-34.068035252635674,-25.616863390287858,2024-01-05 09:00:00+00:00,2024-01-06 06:00:00+00:00,8.451171862347817,1,True,{'divergence_type': 'temp_jump_rh_static'}
ANOM-000025,42182099999,2024-01-06 00:00:00+00:00,MULTIVARIATE_INCONSISTENCY,temperature_c,-41.35919462626416,-32.90802276391635,2024-01-05 09:00:00+00:00,2024-01-06 06:00:00+00:00,8.451171862347817,1,True,{'divergence_type': 'temp_jump_rh_static'}
ANOM-000025,42182099999,2024-01-06 03:00:00+00:00,MULTIVARIATE_INCONSISTENCY,temperature_c,-43.07141204668671,-34.6202401843389,2024-01-05 09:00:00+00:00,2024-01-06 06:00:00+00:00,8.451171862347817,1,True,{'divergence_type': 'temp_jump_rh_static'}
ANOM-000025,42182099999,2024-01-06 06:00:00+00:00,MULTIVARIATE_INCONSISTENCY,temperature_c,-42.11914788517484,-33.66797602282702,2024-01-05 09:00:00+00:00,2024-01-06 06:00:00+00:00,8.451171862347817,1,True,{'divergence_type': 'temp_jump_rh_static'}
ANOM-000026,42182099999,2024-01-02 12:00:00+00:00,MULTIVARIATE_INCONSISTENCY,temperature_c,22.741773478876496,30.14541039406854,2024-01-02 12:00:00+00:00,2024-01-05 18:00:00+00:00,7.4036369151920445,1,True,{'divergence_type': 'temp_jump_rh_static'}
ANOM-000026,42182099999,2024-01-02 15:00:00+00:00,MULTIVARIATE_INCONSISTENCY,temperature_c,22.741773478876496,30.14541039406854,2024-01-02 12:00:00+00:00,2024-01-05 18:00:00+00:00,7.4036369151920445,1,True,{'divergence_type': 'temp_jump_rh_static'}
ANOM-000026,42182099999,2024-01-05 09:00:00+00:00,MULTIVARIATE_INCONSISTENCY,temperature_c,-16.691242292723505,-9.28760537753146,2024-01-02 12:00:00+00:00,2024-01-05 18:00:00+00:00,7.4036369151920445,1,True,{'divergence_type': 'temp_jump_rh_static'}
ANOM-000026,42182099999,2024-01-05 12:00:00+00:00,MULTIVARIATE_INCONSISTENCY,temperature_c,-19.866449325244957,-12.462812410052912,2024-01-02 12:00:00+00:00,2024-01-05 18:00:00+00:00,7.4036369151920445,1,True,{'divergence_type': 'temp_jump_rh_static'}
ANOM-000026,42182099999,2024-01-05 15:00:00+00:00,MULTIVARIATE_INCONSISTENCY,temperature_c,-22.44165635776641,-15.038019442574363,2024-01-02 12:00:00+00:00,2024-01-05 18:00:00+00:00,7.4036369151920445,1,True,{'divergence_type': 'temp_jump_rh_static'}
ANOM-000026,42182099999,2024-01-05 21:00:00+00:00,MULTIVARIATE_INCONSISTENCY,temperature_c,-28.99207042280931,-21.588433507617264,2024-01-02 12:00:00+00:00,2024-01-05 18:00:00+00:00,7.4036369151920445,1,True,{'divergence_type': 'temp_jump_rh_static'}
ANOM-000026,42182099999,2024-01-05 18:00:00+00:00,MULTIVARIATE_INCONSISTENCY,temperature_c,-25.616863390287858,-18.213226475095812,2024-01-02 12:00:00+00:00,2024-01-05 18:00:00+00:00,7.4036369151920445,1,True,{'divergence_type': 'temp_jump_rh_static'}
ANOM-000027,42182099999,2024-01-06 00:00:00+00:00,MULTI_SENSOR_FAULT,temperature_c,-32.90802276391635,-32.90802276391635,2024-01-06 00:00:00+00:00,2024-01-06 21:00:00+00:00,-0.21255355680879862,1,True,{'sub_fault': 'temperature_drift'}
ANOM-000027,42182099999,2024-01-06 03:00:00+00:00,MULTI_SENSOR_FAULT,temperature_c,-34.6202401843389,-35.257900854765296,2024-01-06 00:00:00+00:00,2024-01-06 21:00:00+00:00,-0.21255355680879862,1,True,{'sub_fault': 'temperature_drift'}
ANOM-000027,42182099999,2024-01-06 06:00:00+00:00,MULTI_SENSOR_FAULT,temperature_c,-33.66797602282702,-34.94329736367981,2024-01-06 00:00:00+00:00,2024-01-06 21:00:00+00:00,-0.21255355680879862,1,True,{'sub_fault': 'temperature_drift'}
ANOM-000027,42182099999,2024-01-06 06:00:00+00:00,MULTI_SENSOR_FAULT,temperature_c,-38.57898076025268,-39.854302101105475,2024-01-06 00:00:00+00:00,2024-01-06 21:00:00+00:00,-0.21255355680879862,1,True,{'sub_fault': 'temperature_drift'}
ANOM-000027,42182099999,2024-01-06 09:00:00+00:00,MULTI_SENSOR_FAULT,temperature_c,-43.57573264662941,-45.4887146579086,2024-01-06 00:00:00+00:00,2024-01-06 21:00:00+00:00,-0.21255355680879862,1,True,{'sub_fault': 'temperature_drift'}
ANOM-000027,42182099999,2024-01-06 12:00:00+00:00,MULTI_SENSOR_FAULT,temperature_c,-15.459499112225096,-18.01014179393068,2024-01-06 00:00:00+00:00,2024-01-06 21:00:00+00:00,-0.21255355680879862,1,True,{'sub_fault': 'temperature_drift'}
ANOM-000027,42182099999,2024-01-06 15:00:00+00:00,MULTI_SENSOR_FAULT,temperature_c,-23.52729710905867,-26.715600461190647,2024-01-06 00:00:00+00:00,2024-01-06 21:00:00+00:00,-0.21255355680879862,1,True,{'sub_fault': 'temperature_drift'}
ANOM-000027,42182099999,2024-01-06 18:00:00+00:00,MULTI_SENSOR_FAULT,temperature_c,-25.096829370217616,-28.92279339277599,2024-01-06 00:00:00+00:00,2024-01-06 21:00:00+00:00,-0.21255355680879862,1,True,{'sub_fault': 'temperature_drift'}
ANOM-000027,42182099999,2024-01-06 21:00:00+00:00,MULTI_SENSOR_FAULT,temperature_c,-25.467054924455052,-29.93067961743982,2024-01-06 00:00:00+00:00,2024-01-06 21:00:00+00:00,-0.21255355680879862,1,True,{'sub_fault': 'temperature_drift'}
ANOM-000027,42182099999,2024-01-06 00:00:00+00:00,MULTI_SENSOR_FAULT,relative_humidity_pct,59.35098117106386,59.35098117106386,2024-01-06 00:00:00+00:00,2024-01-07 03:30:00+00:00,13.0,1,True,{'sub_fault': 'humidity_freeze'}
ANOM-000027,42182099999,2024-01-06 03:00:00+00:00,MULTI_SENSOR_FAULT,relative_humidity_pct,59.35098117106386,59.35098117106386,2024-01-06 00:00:00+00:00,2024-01-07 03:30:00+00:00,13.0,1,True,{'sub_fault': 'humidity_freeze'}
ANOM-000027,42182099999,2024-01-06 06:00:00+00:00,MULTI_SENSOR_FAULT,relative_humidity_pct,59.35098117106386,59.35098117106386,2024-01-06 00:00:00+00:00,2024-01-07 03:30:00+00:00,13.0,1,True,{'sub_fault': 'humidity_freeze'}
ANOM-000027,42182099999,2024-01-06 06:00:00+00:00,MULTI_SENSOR_FAULT,relative_humidity_pct,59.35098117106386,59.35098117106386,2024-01-06 00:00:00+00:00,2024-01-07 03:30:00+00:00,13.0,1,True,{'sub_fault': 'humidity_freeze'}
ANOM-000027,42182099999,2024-01-06 09:00:00+00:00,MULTI_SENSOR_FAULT,relative_humidity_pct,59.35098117106386,59.35098117106386,2024-01-06 00:00:00+00:00,2024-01-07 03:30:00+00:00,13.0,1,True,{'sub_fault': 'humidity_freeze'}
ANOM-000027,42182099999,2024-01-06 12:00:00+00:00,MULTI_SENSOR_FAULT,relative_humidity_pct,59.35098117106386,59.35098117106386,2024-01-06 00:00:00+00:00,2024-01-07 03:30:00+00:00,13.0,1,True,{'sub_fault': 'humidity_freeze'}
ANOM-000027,42182099999,2024-01-06 15:00:00+00:00,MULTI_SENSOR_FAULT,relative_humidity_pct,59.35098117106386,59.35098117106386,2024-01-06 00:00:00+00:00,2024-01-07 03:30:00+00:00,13.0,1,True,{'sub_fault': 'humidity_freeze'}
ANOM-000027,42182099999,2024-01-06 18:00:00+00:00,MULTI_SENSOR_FAULT,relative_humidity_pct,59.35098117106386,59.35098117106386,2024-01-06 00:00:00+00:00,2024-01-07 03:30:00+00:00,13.0,1,True,{'sub_fault': 'humidity_freeze'}
ANOM-000027,42182099999,2024-01-06 21:00:00+00:00,MULTI_SENSOR_FAULT,relative_humidity_pct,59.35098117106386,59.35098117106386,2024-01-06 00:00:00+00:00,2024-01-07 03:30:00+00:00,13.0,1,True,{'sub_fault': 'humidity_freeze'}
ANOM-000027,42182099999,2024-01-07 00:00:00+00:00,MULTI_SENSOR_FAULT,relative_humidity_pct,59.35098117106386,59.35098117106386,2024-01-06 00:00:00+00:00,2024-01-07 03:30:00+00:00,13.0,1,True,{'sub_fault': 'humidity_freeze'}
ANOM-000027,42182099999,2024-01-07 03:00:00+00:00,MULTI_SENSOR_FAULT,relative_humidity_pct,59.35098117106386,59.35098117106386,2024-01-06 00:00:00+00:00,2024-01-07 03:30:00+00:00,13.0,1,True,{'sub_fault': 'humidity_freeze'}
ANOM-000027,42182099999,2024-01-07 03:00:00+00:00,MULTI_SENSOR_FAULT,relative_humidity_pct,59.35098117106386,59.35098117106386,2024-01-06 00:00:00+00:00,2024-01-07 03:30:00+00:00,13.0,1,True,{'sub_fault': 'humidity_freeze'}
ANOM-000027,42182099999,2024-01-07 03:30:00+00:00,MULTI_SENSOR_FAULT,relative_humidity_pct,59.35098117106386,59.35098117106386,2024-01-06 00:00:00+00:00,2024-01-07 03:30:00+00:00,13.0,1,True,{'sub_fault': 'humidity_freeze'}
ANOM-000028,42182099999,2024-01-02 12:00:00+00:00,MULTI_SENSOR_FAULT,temperature_c,22.741773478876496,22.741773478876496,2024-01-02 12:00:00+00:00,2024-01-06 06:00:00+00:00,0.41355928364256545,1,True,{'sub_fault': 'temperature_drift'}
ANOM-000028,42182099999,2024-01-02 12:00:00+00:00,MULTI_SENSOR_FAULT,temperature_c,30.14541039406854,30.179873667705422,2024-01-02 12:00:00+00:00,2024-01-06 06:00:00+00:00,0.41355928364256545,1,True,{'sub_fault': 'temperature_drift'}
ANOM-000028,42182099999,2024-01-02 15:00:00+00:00,MULTI_SENSOR_FAULT,temperature_c,30.14541039406854,31.386088244996238,2024-01-02 12:00:00+00:00,2024-01-06 06:00:00+00:00,0.41355928364256545,1,True,{'sub_fault': 'temperature_drift'}
ANOM-000028,42182099999,2024-01-05 09:00:00+00:00,MULTI_SENSOR_FAULT,temperature_c,-9.28760537753146,19.247985193805555,2024-01-02 12:00:00+00:00,2024-01-06 06:00:00+00:00,0.41355928364256545,1,True,{'sub_fault': 'temperature_drift'}
ANOM-000028,42182099999,2024-01-05 12:00:00+00:00,MULTI_SENSOR_FAULT,temperature_c,-12.462812410052912,17.3134560122118,2024-01-02 12:00:00+00:00,2024-01-06 06:00:00+00:00,0.41355928364256545,1,True,{'sub_fault': 'temperature_drift'}
ANOM-000028,42182099999,2024-01-05 15:00:00+00:00,MULTI_SENSOR_FAULT,temperature_c,-15.038019442574363,15.978926830618047,2024-01-02 12:00:00+00:00,2024-01-06 06:00:00+00:00,0.41355928364256545,1,True,{'sub_fault': 'temperature_drift'}
ANOM-000028,42182099999,2024-01-05 21:00:00+00:00,MULTI_SENSOR_FAULT,temperature_c,-21.588433507617264,11.909868467430538,2024-01-02 12:00:00+00:00,2024-01-06 06:00:00+00:00,0.41355928364256545,1,True,{'sub_fault': 'temperature_drift'}
ANOM-000028,42182099999,2024-01-05 18:00:00+00:00,MULTI_SENSOR_FAULT,temperature_c,-18.213226475095812,14.044397649024294,2024-01-02 12:00:00+00:00,2024-01-06 06:00:00+00:00,0.41355928364256545,1,True,{'sub_fault': 'temperature_drift'}
ANOM-000028,42182099999,2024-01-06 00:00:00+00:00,MULTI_SENSOR_FAULT,temperature_c,-32.90802276391635,1.8309570620591487,2024-01-02 12:00:00+00:00,2024-01-06 06:00:00+00:00,0.41355928364256545,1,True,{'sub_fault': 'temperature_drift'}
ANOM-000028,42182099999,2024-01-06 03:00:00+00:00,MULTI_SENSOR_FAULT,temperature_c,-35.257900854765296,0.7217568221378983,2024-01-02 12:00:00+00:00,2024-01-06 06:00:00+00:00,0.41355928364256545,1,True,{'sub_fault': 'temperature_drift'}
ANOM-000028,42182099999,2024-01-06 06:00:00+00:00,MULTI_SENSOR_FAULT,temperature_c,-34.94329736367981,2.2770381641510795,2024-01-02 12:00:00+00:00,2024-01-06 06:00:00+00:00,0.41355928364256545,1,True,{'sub_fault': 'temperature_drift'}
ANOM-000028,42182099999,2024-01-06 06:00:00+00:00,MULTI_SENSOR_FAULT,temperature_c,-39.854302101105475,-2.6339665732745843,2024-01-02 12:00:00+00:00,2024-01-06 06:00:00+00:00,0.41355928364256545,1,True,{'sub_fault': 'temperature_drift'}
ANOM-000028,42182099999,2024-01-02 12:00:00+00:00,MULTI_SENSOR_FAULT,relative_humidity_pct,56.360981171063855,56.360981171063855,2024-01-02 12:00:00+00:00,2024-01-06 18:00:00+00:00,16.0,1,True,{'sub_fault': 'humidity_freeze'}
ANOM-000028,42182099999,2024-01-02 12:00:00+00:00,MULTI_SENSOR_FAULT,relative_humidity_pct,56.360981171063855,56.360981171063855,2024-01-02 12:00:00+00:00,2024-01-06 18:00:00+00:00,16.0,1,True,{'sub_fault': 'humidity_freeze'}
ANOM-000028,42182099999,2024-01-02 15:00:00+00:00,MULTI_SENSOR_FAULT,relative_humidity_pct,76.9123299702572,56.360981171063855,2024-01-02 12:00:00+00:00,2024-01-06 18:00:00+00:00,16.0,1,True,{'sub_fault': 'humidity_freeze'}
ANOM-000028,42182099999,2024-01-05 09:00:00+00:00,MULTI_SENSOR_FAULT,relative_humidity_pct,59.35098117106386,56.360981171063855,2024-01-02 12:00:00+00:00,2024-01-06 18:00:00+00:00,16.0,1,True,{'sub_fault': 'humidity_freeze'}
ANOM-000028,42182099999,2024-01-05 12:00:00+00:00,MULTI_SENSOR_FAULT,relative_humidity_pct,59.35098117106386,56.360981171063855,2024-01-02 12:00:00+00:00,2024-01-06 18:00:00+00:00,16.0,1,True,{'sub_fault': 'humidity_freeze'}
ANOM-000028,42182099999,2024-01-05 15:00:00+00:00,MULTI_SENSOR_FAULT,relative_humidity_pct,59.35098117106386,56.360981171063855,2024-01-02 12:00:00+00:00,2024-01-06 18:00:00+00:00,16.0,1,True,{'sub_fault': 'humidity_freeze'}
ANOM-000028,42182099999,2024-01-05 21:00:00+00:00,MULTI_SENSOR_FAULT,relative_humidity_pct,59.35098117106386,56.360981171063855,2024-01-02 12:00:00+00:00,2024-01-06 18:00:00+00:00,16.0,1,True,{'sub_fault': 'humidity_freeze'}
ANOM-000028,42182099999,2024-01-05 18:00:00+00:00,MULTI_SENSOR_FAULT,relative_humidity_pct,59.35098117106386,56.360981171063855,2024-01-02 12:00:00+00:00,2024-01-06 18:00:00+00:00,16.0,1,True,{'sub_fault': 'humidity_freeze'}
ANOM-000028,42182099999,2024-01-06 00:00:00+00:00,MULTI_SENSOR_FAULT,relative_humidity_pct,59.35098117106386,56.360981171063855,2024-01-02 12:00:00+00:00,2024-01-06 18:00:00+00:00,16.0,1,True,{'sub_fault': 'humidity_freeze'}
ANOM-000028,42182099999,2024-01-06 03:00:00+00:00,MULTI_SENSOR_FAULT,relative_humidity_pct,59.35098117106386,56.360981171063855,2024-01-02 12:00:00+00:00,2024-01-06 18:00:00+00:00,16.0,1,True,{'sub_fault': 'humidity_freeze'}
ANOM-000028,42182099999,2024-01-06 06:00:00+00:00,MULTI_SENSOR_FAULT,relative_humidity_pct,59.35098117106386,56.360981171063855,2024-01-02 12:00:00+00:00,2024-01-06 18:00:00+00:00,16.0,1,True,{'sub_fault': 'humidity_freeze'}
ANOM-000028,42182099999,2024-01-06 06:00:00+00:00,MULTI_SENSOR_FAULT,relative_humidity_pct,59.35098117106386,56.360981171063855,2024-01-02 12:00:00+00:00,2024-01-06 18:00:00+00:00,16.0,1,True,{'sub_fault': 'humidity_freeze'}
ANOM-000028,42182099999,2024-01-06 09:00:00+00:00,MULTI_SENSOR_FAULT,relative_humidity_pct,59.35098117106386,56.360981171063855,2024-01-02 12:00:00+00:00,2024-01-06 18:00:00+00:00,16.0,1,True,{'sub_fault': 'humidity_freeze'}
ANOM-000028,42182099999,2024-01-06 12:00:00+00:00,MULTI_SENSOR_FAULT,relative_humidity_pct,59.35098117106386,56.360981171063855,2024-01-02 12:00:00+00:00,2024-01-06 18:00:00+00:00,16.0,1,True,{'sub_fault': 'humidity_freeze'}
ANOM-000028,42182099999,2024-01-06 15:00:00+00:00,MULTI_SENSOR_FAULT,relative_humidity_pct,59.35098117106386,56.360981171063855,2024-01-02 12:00:00+00:00,2024-01-06 18:00:00+00:00,16.0,1,True,{'sub_fault': 'humidity_freeze'}
ANOM-000028,42182099999,2024-01-06 18:00:00+00:00,MULTI_SENSOR_FAULT,relative_humidity_pct,59.35098117106386,56.360981171063855,2024-01-02 12:00:00+00:00,2024-01-06 18:00:00+00:00,16.0,1,True,{'sub_fault': 'humidity_freeze'}
ANOM-000029_STG1,42182099999,2024-01-05 12:00:00+00:00,SPIKE,temperature_c,17.3134560122118,22.540576743550407,2024-01-05 12:00:00+00:00,2024-01-05 12:00:00+00:00,5.227120731338605,1,True,"{'step_in_burst': 1, 'burst_length': 1}"
ANOM-000029_STG2,42182099999,2024-01-05 18:00:00+00:00,MISSING_DATA,all_parameters,14.044397649024294,,2024-01-05 18:00:00+00:00,2024-01-06 06:00:00+00:00,4.0,1,True,{'dropped_index': 8}
ANOM-000029_STG2,42182099999,2024-01-06 00:00:00+00:00,MISSING_DATA,all_parameters,1.8309570620591487,,2024-01-05 18:00:00+00:00,2024-01-06 06:00:00+00:00,4.0,1,True,{'dropped_index': 9}
ANOM-000029_STG2,42182099999,2024-01-06 03:00:00+00:00,MISSING_DATA,all_parameters,0.7217568221378983,,2024-01-05 18:00:00+00:00,2024-01-06 06:00:00+00:00,4.0,1,True,{'dropped_index': 10}
ANOM-000029_STG2,42182099999,2024-01-06 06:00:00+00:00,MISSING_DATA,all_parameters,2.2770381641510795,,2024-01-05 18:00:00+00:00,2024-01-06 06:00:00+00:00,4.0,1,True,{'dropped_index': 11}
ANOM-000029_STG3,42182099999,2024-01-06 15:00:00+00:00,OFFSET,temperature_c,-26.715600461190647,-23.265361157312437,2024-01-06 15:00:00+00:00,2024-01-07 03:30:00+00:00,3.4502393038782087,1,True,{}
ANOM-000029_STG3,42182099999,2024-01-06 18:00:00+00:00,OFFSET,temperature_c,-28.92279339277599,-25.47255408889778,2024-01-06 15:00:00+00:00,2024-01-07 03:30:00+00:00,3.4502393038782087,1,True,{}
ANOM-000029_STG3,42182099999,2024-01-06 21:00:00+00:00,OFFSET,temperature_c,-29.93067961743982,-26.480440313561612,2024-01-06 15:00:00+00:00,2024-01-07 03:30:00+00:00,3.4502393038782087,1,True,{}
ANOM-000029_STG3,42182099999,2024-01-07 00:00:00+00:00,OFFSET,temperature_c,-23.785618136365507,-20.335378832487297,2024-01-06 15:00:00+00:00,2024-01-07 03:30:00+00:00,3.4502393038782087,1,True,{}
ANOM-000029_STG3,42182099999,2024-01-07 03:00:00+00:00,OFFSET,temperature_c,11.82245315958571,15.272692463463919,2024-01-06 15:00:00+00:00,2024-01-07 03:30:00+00:00,3.4502393038782087,1,True,{}
ANOM-000029_STG3,42182099999,2024-01-07 03:00:00+00:00,OFFSET,temperature_c,11.58669447039985,15.036933774278058,2024-01-06 15:00:00+00:00,2024-01-07 03:30:00+00:00,3.4502393038782087,1,True,{}
ANOM-000029_STG3,42182099999,2024-01-07 03:30:00+00:00,OFFSET,temperature_c,10.302549855503125,13.752789159381333,2024-01-06 15:00:00+00:00,2024-01-07 03:30:00+00:00,3.4502393038782087,1,True,{}
ANOM-000030,42182099999,2024-01-02 12:00:00+00:00,POSSIBLE_GENUINE_EVENT,temperature_c,22.741773478876496,18.132525068023824,2024-01-02 12:00:00+00:00,2024-01-05 09:00:00+00:00,4.609248410852674,0,False,"{'phenomenon': 'squall_gust_front', 'coherent_vars': ['temperature', 'pressure', 'humidity']}"
ANOM-000030,42182099999,2024-01-02 12:00:00+00:00,POSSIBLE_GENUINE_EVENT,temperature_c,30.179873667705422,25.57062525685275,2024-01-02 12:00:00+00:00,2024-01-05 09:00:00+00:00,4.609248410852674,0,False,"{'phenomenon': 'squall_gust_front', 'coherent_vars': ['temperature', 'pressure', 'humidity']}"
ANOM-000030,42182099999,2024-01-02 15:00:00+00:00,POSSIBLE_GENUINE_EVENT,temperature_c,31.386088244996238,26.776839834143566,2024-01-02 12:00:00+00:00,2024-01-05 09:00:00+00:00,4.609248410852674,0,False,"{'phenomenon': 'squall_gust_front', 'coherent_vars': ['temperature', 'pressure', 'humidity']}"
ANOM-000030,42182099999,2024-01-05 09:00:00+00:00,POSSIBLE_GENUINE_EVENT,temperature_c,19.247985193805555,14.638736782952881,2024-01-02 12:00:00+00:00,2024-01-05 09:00:00+00:00,4.609248410852674,0,False,"{'phenomenon': 'squall_gust_front', 'coherent_vars': ['temperature', 'pressure', 'humidity']}"
ANOM-000031,42182099999,2024-01-02 12:00:00+00:00,POSSIBLE_GENUINE_EVENT,temperature_c,18.132525068023824,11.61139469554827,2024-01-02 12:00:00+00:00,2024-01-02 12:00:00+00:00,6.521130372475554,0,False,"{'phenomenon': 'squall_gust_front', 'coherent_vars': ['temperature', 'pressure', 'humidity']}"
ANOM-000031,42182099999,2024-01-02 12:00:00+00:00,POSSIBLE_GENUINE_EVENT,temperature_c,25.57062525685275,19.049494884377197,2024-01-02 12:00:00+00:00,2024-01-02 12:00:00+00:00,6.521130372475554,0,False,"{'phenomenon': 'squall_gust_front', 'coherent_vars': ['temperature', 'pressure', 'humidity']}"
ANOM-000032,42182099999,2024-01-02 15:00:00+00:00,UNCERTAIN,relative_humidity_pct,78.05332530467432,80.50379226858868,2024-01-02 15:00:00+00:00,2024-01-02 15:00:00+00:00,2.450466963914369,0,False,{'evaluation_class': 'UNCERTAIN'}
ANOM-000033,42182099999,2024-01-02 12:00:00+00:00,UNCERTAIN,relative_humidity_pct,94.36807409441583,96.47769336836981,2024-01-02 12:00:00+00:00,2024-01-02 12:00:00+00:00,2.1096192739539745,0,False,{'evaluation_class': 'UNCERTAIN'}
